id;status;start_date;expected_end_date;end_date;validated;created_by;created_date;last_modified_by;last_modified_date;assignment_id;level_id
1;Completed;2020-12-12;2020-12-12;2021-12-12;true;;;;;1;184
2;Completed;2020-12-12;2020-12-12;2021-12-16;true;;;;;2;746
6;Completed;2020-12-12;2020-12-12;2021-12-16;true;;;;;6;784
7;Completed;2020-12-12;2020-12-12;2021-12-16;true;;;;;7;782
8;Completed;2020-12-12;2020-12-12;2021-12-16;true;;;;;8;747
9;Completed;2020-12-12;2020-12-12;2021-12-16;true;;;;;9;748
10;Completed;2020-12-12;2020-12-12;2021-12-16;true;;;;;10;749
11;Completed;2020-12-12;2020-12-12;2021-12-01;true;;;;;11;8
14;Completed;2020-12-12;2020-12-12;2021-12-16;true;;;;;14;784
15;Completed;2020-12-12;2020-12-12;2021-12-16;true;;;;;15;773
16;Completed;2020-12-12;2020-12-12;2021-12-16;true;;;;;16;791
17;Completed;2020-12-12;2020-12-12;2021-12-16;true;;;;;17;792
18;Completed;2020-12-12;2020-12-12;2021-12-16;true;;;;;18;788
19;Completed;2020-12-12;2020-12-12;2021-12-16;true;;;;;19;793
20;Completed;2020-12-12;2020-12-12;2021-12-16;true;;;;;20;789
21;Completed;2020-12-12;2020-12-12;2022-01-07;true;;;;;21;780
22;Completed;2020-12-12;2020-12-12;2022-01-07;true;;;;;22;781
24;Completed;2020-12-12;2020-12-12;2021-05-12;true;;;;;24;12
25;Completed;2020-12-12;2020-12-12;2021-12-01;true;;;;;25;9
26;Completed;2020-12-12;2020-12-12;2021-12-01;true;;;;;26;10
27;Completed;2020-12-12;2020-12-12;2021-05-27;true;;;;;27;746
28;Completed;2020-12-12;2020-12-12;2021-05-27;true;;;;;28;747
29;Completed;2020-12-12;2020-12-12;2021-05-27;true;;;;;29;748
30;Completed;2020-12-12;2020-12-12;2021-05-27;true;;;;;30;749
31;Completed;2020-12-12;2020-12-12;2021-10-22;true;;;;;31;50
32;Completed;2020-12-12;2020-12-12;2021-12-30;true;;;;;32;791
33;Completed;2020-12-12;2020-12-12;2021-12-16;true;;;;;33;792
34;Completed;2020-12-12;2020-12-12;2021-12-16;true;;;;;34;763
35;Completed;2020-12-12;2020-12-12;2022-04-30;true;;;;;35;788
36;Completed;2020-12-12;2020-12-12;2021-12-16;true;;;;;36;793
37;Completed;2020-12-12;2020-12-12;2022-02-15;true;;;;;37;836
38;Completed;2020-12-12;2020-12-12;2022-02-15;true;;;;;38;837
39;Completed;2020-12-12;2020-12-12;2022-02-15;true;;;;;39;838
40;Completed;2020-12-12;2020-12-12;2022-02-15;true;;;;;40;839
41;Completed;2020-12-12;2020-12-12;2022-02-15;true;;;;;41;840
42;Completed;2020-12-12;2020-12-12;2021-12-16;true;;;;;42;763
43;Completed;2020-12-12;2020-12-12;2022-03-07;true;;;;;43;783
44;Completed;2020-12-12;2020-12-12;2022-02-15;true;;;;;44;785
45;Completed;2020-12-12;2020-12-12;2021-12-16;true;;;;;45;792
46;Completed;2020-12-12;2020-12-12;2021-12-16;true;;;;;46;793
47;Completed;2020-12-12;2020-12-12;2022-04-06;true;;;;;47;782
48;Completed;2020-12-12;2020-12-12;2021-12-16;true;;;;;48;770
49;Completed;2020-12-12;2020-12-12;2021-12-16;true;;;;;49;769
50;Completed;2020-12-12;2020-12-12;2021-12-16;true;;;;;50;763
51;Completed;2020-12-12;2020-12-12;2022-03-30;true;;;;;51;773
52;Completed;2020-12-12;2020-12-12;2022-08-10;true;;;;;52;753
53;Completed;2020-12-12;2020-12-12;2022-07-20;true;;;;;53;58
54;Completed;2020-12-12;2020-12-12;2021-12-16;true;;;;;54;836
55;Completed;2020-12-12;2020-12-12;2021-12-16;true;;;;;55;769
56;Completed;2020-12-12;2020-12-12;2022-08-26;true;;;;;56;946
57;Completed;2020-12-12;2020-12-12;2021-12-17;true;;;;;57;785
58;Completed;2020-12-12;2020-12-12;2021-12-16;true;;;;;58;838
59;Completed;2020-12-12;2020-12-12;2021-12-31;true;;;;;59;750
60;Completed;2020-12-12;2020-12-12;2022-10-12;true;;;;;60;782
61;Completed;2020-12-12;2020-12-12;2021-12-16;true;;;;;61;753
62;Completed;2020-12-12;2020-12-12;2022-02-28;true;;;;;62;797
63;Completed;2020-12-12;2020-12-12;2022-02-07;true;;;;;63;56
64;Completed;2020-12-12;2020-12-12;2022-02-07;true;;;;;64;59
65;Completed;2020-12-12;2020-12-12;2021-10-26;true;;;;;65;58
66;Completed;2020-12-12;2020-12-12;2021-12-16;true;;;;;66;946
67;Completed;2020-12-12;2020-12-12;2022-02-28;true;;;;;67;794
68;Completed;2020-12-12;2020-12-12;2021-12-16;true;;;;;68;753
69;Completed;2020-12-12;2020-12-12;2021-12-16;true;;;;;69;797
70;Completed;2020-12-12;2020-12-12;2021-11-19;true;;;;;70;59
71;Completed;2020-12-12;2020-12-12;2021-09-20;true;;;;;71;58
72;Completed;2020-12-12;2020-12-12;2020-09-15;true;;;;;72;58
73;Completed;2020-12-12;2020-12-12;2021-12-16;true;;;;;73;946
74;Completed;2020-12-12;2020-12-12;2022-07-15;true;;;;;74;58
75;Completed;2020-12-12;2020-12-12;2022-12-16;true;;;;;75;774
76;Completed;2020-12-12;2020-12-12;2021-12-16;true;;;;;76;753
77;Completed;2020-12-12;2020-12-12;2021-12-16;true;;;;;77;797
78;Completed;2020-12-12;2020-12-12;2021-06-18;true;;;;;78;59
79;Completed;2020-12-12;2020-12-12;2021-12-16;true;;;;;79;798
80;Completed;2020-12-12;2020-12-12;2021-12-16;true;;;;;80;798
81;Completed;2020-12-12;2020-12-12;2020-09-15;true;;;;;81;53
82;Completed;2020-12-12;2020-12-12;2021-12-16;true;;;;;82;792
83;Completed;2020-12-12;2020-12-12;2021-12-16;true;;;;;83;946
84;Completed;2020-12-12;2020-12-12;2021-12-16;true;;;;;84;957
85;Completed;2020-12-12;2020-12-12;2020-09-15;true;;;;;85;50
86;Completed;2020-12-12;2020-12-12;2022-05-04;true;;;;;86;798
87;Completed;2020-12-12;2020-12-12;2020-09-15;true;;;;;87;55
88;Completed;2020-12-12;2020-12-12;2020-09-15;true;;;;;88;239
89;Completed;2020-12-12;2020-12-12;2021-12-16;true;;;;;89;782
90;Completed;2020-12-12;2020-12-12;2021-12-16;true;;;;;90;776
91;Completed;2020-12-12;2020-12-12;2022-04-28;true;;;;;91;772
92;Completed;2020-12-12;2020-12-12;2022-03-21;true;;;;;92;837
93;Completed;2020-12-12;2020-12-12;2022-07-20;true;;;;;93;219
94;Completed;2020-12-12;2020-12-12;2022-04-28;true;;;;;94;799
95;Completed;2020-12-12;2020-12-12;2021-12-16;true;;;;;95;798
96;Completed;2020-12-12;2020-12-12;2021-12-16;true;;;;;96;776
97;Completed;2020-12-12;2020-12-12;2021-12-16;true;;;;;97;783
98;Completed;2020-12-12;2020-12-12;2021-12-16;true;;;;;98;791
99;Completed;2020-12-12;2020-12-12;2021-12-16;true;;;;;99;792
100;Completed;2020-12-12;2020-12-12;2021-12-16;true;;;;;100;793
101;Completed;2020-12-12;2020-12-12;2021-12-16;true;;;;;101;977
102;Completed;2020-12-12;2020-12-12;2021-12-16;true;;;;;102;768
103;Completed;2020-12-12;2020-12-12;2021-12-16;true;;;;;103;767
104;Completed;2020-12-12;2020-12-12;2021-12-16;true;;;;;104;774
105;Completed;2020-12-12;2020-12-12;2021-12-16;true;;;;;105;922
106;Completed;2020-12-12;2020-12-12;2021-12-16;true;;;;;106;764
107;Completed;2020-12-12;2020-12-12;2021-12-16;true;;;;;107;785
108;Completed;2020-12-12;2020-12-12;2021-12-16;true;;;;;108;791
109;Completed;2020-12-12;2020-12-12;2021-12-16;true;;;;;109;786
110;Completed;2020-12-12;2020-12-12;2021-12-16;true;;;;;110;788
111;Completed;2020-12-12;2020-12-12;2021-12-16;true;;;;;111;787
112;Completed;2020-12-12;2020-12-12;2021-12-16;true;;;;;112;793
113;Completed;2020-12-12;2020-12-12;2021-12-16;true;;;;;113;784
114;Completed;2020-12-12;2020-12-12;2021-12-16;true;;;;;114;764
115;Completed;2020-12-12;2020-12-12;2022-07-15;true;;;;;115;15
116;Completed;2020-12-12;2020-12-12;2021-12-16;true;;;;;116;798
117;Completed;2020-12-12;2020-12-12;2021-12-16;true;;;;;117;769
118;Completed;2020-12-12;2020-12-12;2022-07-12;true;;;;;118;946
119;Completed;2020-12-12;2020-12-12;2021-12-16;true;;;;;119;769
120;Completed;2020-12-12;2020-12-12;2021-12-16;true;;;;;120;946
121;Completed;2020-12-12;2020-12-12;2021-12-16;true;;;;;121;774
122;Completed;2020-12-12;2020-12-12;2021-12-16;true;;;;;122;957
123;Completed;2020-12-12;2020-12-12;2021-12-16;true;;;;;123;781
124;Completed;2020-12-12;2020-12-12;2021-12-16;true;;;;;124;779
125;Completed;2020-12-12;2020-12-12;2023-03-06;true;;;;;125;35
126;Completed;2020-12-12;2020-12-12;2022-01-02;true;;;;;126;774
127;Completed;2020-12-12;2020-12-12;2021-12-16;true;;;;;127;922
128;Completed;2020-12-12;2020-12-12;2021-12-16;true;;;;;128;957
129;Completed;2020-12-12;2020-12-12;2021-12-16;true;;;;;129;776
130;Completed;2020-12-12;2020-12-12;2021-12-16;true;;;;;130;789
131;Completed;2020-12-12;2020-12-12;2022-03-03;true;;;;;131;766
132;Completed;2020-12-12;2020-12-12;2021-12-16;true;;;;;132;784
133;Completed;2020-12-12;2020-12-12;2021-12-16;true;;;;;133;782
134;Completed;2020-12-12;2020-12-12;2021-12-16;true;;;;;134;774
135;Completed;2020-12-12;2020-12-12;2021-12-17;true;;;;;135;922
136;Completed;2020-12-12;2020-12-12;2021-12-16;true;;;;;136;957
137;Completed;2020-12-12;2020-12-12;2022-03-21;true;;;;;137;780
138;Completed;2020-12-12;2020-12-12;2022-03-21;true;;;;;138;781
139;Completed;2020-12-12;2020-12-12;2021-12-16;true;;;;;139;776
140;Completed;2020-12-12;2020-12-12;2023-03-22;true;;;;;140;754
141;Completed;2020-12-12;2020-12-12;2021-12-16;true;;;;;141;750
142;Completed;2020-12-12;2020-12-12;2022-07-26;true;;;;;142;60
143;Completed;2020-12-12;2020-12-12;2021-12-16;true;;;;;143;836
144;Completed;2020-12-12;2020-12-12;2021-12-16;true;;;;;144;838
145;Completed;2020-12-12;2020-12-12;2021-12-16;true;;;;;145;840
146;Completed;2020-12-12;2020-12-12;2021-12-16;true;;;;;146;769
147;Completed;2020-12-12;2020-12-12;2023-03-27;true;;;;;147;32
148;Completed;2020-12-12;2020-12-12;2022-03-04;true;;;;;148;759
149;Completed;2020-12-12;2020-12-12;2022-03-04;true;;;;;149;763
150;Completed;2020-12-12;2020-12-12;2021-05-06;true;;;;;150;8
151;Completed;2020-12-12;2020-12-12;2021-05-06;true;;;;;151;9
152;Completed;2020-12-12;2020-12-12;2021-05-06;true;;;;;152;10
153;Completed;2020-12-12;2020-12-12;2021-05-06;true;;;;;153;11
154;Completed;2020-12-12;2020-12-12;2021-12-16;true;;;;;154;785
155;Completed;2020-12-12;2020-12-12;2021-12-16;true;;;;;155;792
156;Completed;2020-12-12;2020-12-12;2021-12-16;true;;;;;156;786
157;Completed;2020-12-12;2020-12-12;2021-12-16;true;;;;;157;788
158;Completed;2020-12-12;2020-12-12;2021-12-16;true;;;;;158;787
159;Completed;2020-12-12;2020-12-12;2021-12-16;true;;;;;159;793
160;Completed;2020-12-12;2020-12-12;2022-02-08;true;;;;;160;977
161;Completed;2020-12-12;2020-12-12;2021-12-16;true;;;;;161;791
162;Completed;2020-12-12;2020-12-12;2021-12-16;true;;;;;162;792
163;Completed;2020-12-12;2020-12-12;2021-12-16;true;;;;;163;788
164;Completed;2020-12-12;2020-12-12;2021-12-16;true;;;;;164;977
165;Completed;2020-12-12;2020-12-12;2021-12-16;true;;;;;165;774
166;Completed;2020-12-12;2020-12-12;2021-12-16;true;;;;;166;922
167;Completed;2020-12-12;2020-12-12;2021-12-16;true;;;;;167;957
168;Completed;2020-12-12;2020-12-12;2022-02-07;true;;;;;168;778
169;Completed;2020-12-12;2020-12-12;2021-12-16;true;;;;;169;776
170;Completed;2020-12-12;2020-12-12;2022-06-04;true;;;;;170;774
171;Completed;2020-12-12;2020-12-12;2021-12-16;true;;;;;171;791
172;Completed;2020-12-12;2020-12-12;2021-12-16;true;;;;;172;792
173;Completed;2020-12-12;2020-12-12;2022-04-06;true;;;;;173;772
174;Completed;2020-12-12;2020-12-12;2021-12-16;true;;;;;174;922
175;Completed;2020-12-12;2020-12-12;2022-04-20;true;;;;;175;3788
176;Completed;2020-12-12;2020-12-12;2022-04-20;true;;;;;176;3789
177;Completed;2020-12-12;2020-12-12;2022-04-20;true;;;;;177;3790
178;Completed;2020-12-12;2020-12-12;2022-04-20;true;;;;;178;3791
179;Completed;2020-12-12;2020-12-12;2022-04-20;true;;;;;179;3792
180;Completed;2020-12-12;2020-12-12;2022-06-21;true;;;;;180;208
181;Completed;2020-12-12;2020-12-12;2021-12-16;true;;;;;181;219
182;Completed;2020-12-12;2020-12-12;2022-04-06;true;;;;;182;799
183;Completed;2020-12-12;2020-12-12;2021-12-16;true;;;;;183;788
184;Completed;2020-12-12;2020-12-12;2022-03-16;true;;;;;184;33
185;Completed;2020-12-12;2020-12-12;2021-12-16;true;;;;;185;780
186;Completed;2020-12-12;2020-12-12;2021-12-16;true;;;;;186;781
187;Completed;2020-12-12;2020-12-12;2022-05-04;true;;;;;187;798
188;Completed;2020-12-12;2020-12-12;2021-12-16;true;;;;;188;778
189;Completed;2020-12-12;2020-12-12;2021-12-16;true;;;;;189;38
190;Completed;2020-12-12;2020-12-12;2021-12-30;true;;;;;190;774
191;Completed;2020-12-12;2020-12-12;2021-12-16;true;;;;;191;776
192;Completed;2020-12-12;2020-12-12;2022-04-09;true;;;;;192;772
193;Completed;2020-12-12;2020-12-12;2021-12-16;true;;;;;193;836
194;Completed;2020-12-12;2020-12-12;2021-12-16;true;;;;;194;837
195;Completed;2020-12-12;2020-12-12;2021-12-16;true;;;;;195;838
196;Completed;2020-12-12;2020-12-12;2021-12-16;true;;;;;196;839
197;Completed;2020-12-12;2020-12-12;2021-12-16;true;;;;;197;840
198;Completed;2020-12-12;2020-12-12;2021-12-17;true;;;;;198;769
199;Completed;2020-12-12;2020-12-12;2022-01-03;true;;;;;199;752
200;Completed;2020-12-12;2020-12-12;2022-04-20;true;;;;;200;755
201;Completed;2020-12-12;2020-12-12;2022-04-09;true;;;;;201;799
202;Completed;2020-12-12;2020-12-12;2021-12-16;true;;;;;202;763
203;Completed;2020-12-12;2020-12-12;2022-02-14;true;;;;;203;33
204;Completed;2020-12-12;2020-12-12;2023-03-08;true;;;;;204;60
205;Completed;2020-12-12;2020-12-12;2021-12-16;true;;;;;205;774
206;Completed;2020-12-12;2020-12-12;2021-12-16;true;;;;;206;785
207;Completed;2020-12-12;2020-12-12;2021-12-16;true;;;;;207;789
208;Completed;2020-12-12;2020-12-12;2022-03-04;true;;;;;208;766
209;Completed;2020-12-12;2020-12-12;2021-12-16;true;;;;;209;957
210;Completed;2020-12-12;2020-12-12;2022-04-20;true;;;;;210;3732
211;Completed;2020-12-12;2020-12-12;2022-04-20;true;;;;;211;3733
212;Completed;2020-12-12;2020-12-12;2021-12-16;true;;;;;212;779
213;Completed;2020-12-12;2020-12-12;2021-12-16;true;;;;;213;784
214;Completed;2020-12-12;2020-12-12;2021-12-16;true;;;;;214;977
215;Completed;2020-12-12;2020-12-12;2021-12-16;true;;;;;215;778
216;Completed;2020-12-12;2020-12-12;2021-12-16;true;;;;;216;776
217;Completed;2020-12-12;2020-12-12;2022-12-16;true;;;;;217;774
218;Completed;2020-12-12;2020-12-12;2022-12-16;true;;;;;218;922
219;Completed;2020-12-12;2020-12-12;2022-02-15;true;;;;;219;836
220;Completed;2020-12-12;2020-12-12;2023-03-27;true;;;;;220;31
221;Completed;2020-12-12;2020-12-12;2022-12-16;true;;;;;221;957
222;Completed;2020-12-12;2020-12-12;2022-12-16;true;;;;;222;780
223;Completed;2020-12-12;2020-12-12;2022-12-16;true;;;;;223;781
224;Completed;2020-12-12;2020-12-12;2021-12-16;true;;;;;224;46
225;Completed;2020-12-12;2020-12-12;2022-12-16;true;;;;;225;977
226;Completed;2020-12-12;2020-12-12;2021-06-28;true;;;;;226;44
227;Completed;2020-12-12;2020-12-12;2022-12-16;true;;;;;227;776
228;Completed;2020-12-12;2020-12-12;2021-11-28;true;;;;;228;33
229;Completed;2020-12-12;2020-12-12;2021-12-16;true;;;;;229;794
230;Completed;2020-12-12;2020-12-12;2022-03-14;true;;;;;230;772
231;Completed;2020-12-12;2020-12-12;2021-12-16;true;;;;;231;794
232;Completed;2020-12-12;2020-12-12;2021-12-16;true;;;;;232;836
233;Completed;2020-12-12;2020-12-12;2021-12-16;true;;;;;233;837
234;Completed;2020-12-12;2020-12-12;2021-12-16;true;;;;;234;838
235;Completed;2020-12-12;2020-12-12;2021-12-16;true;;;;;235;769
236;Completed;2020-12-12;2020-12-12;2021-12-16;true;;;;;236;770
237;Completed;2020-12-12;2020-12-12;2021-12-16;true;;;;;237;752
238;Completed;2020-12-12;2020-12-12;2021-12-16;true;;;;;238;755
239;Completed;2020-12-12;2020-12-12;2022-03-14;true;;;;;239;799
240;Completed;2020-12-12;2020-12-12;2022-07-07;true;;;;;240;21
241;Completed;2020-12-12;2020-12-12;2021-12-16;true;;;;;241;763
242;Completed;2020-12-12;2020-12-12;2021-09-16;true;;;;;242;33
243;Completed;2020-12-12;2020-12-12;2021-12-16;true;;;;;243;974
244;Completed;2020-12-12;2020-12-12;2021-12-16;true;;;;;244;778
245;Completed;2020-12-12;2020-12-12;2021-12-16;true;;;;;245;774
246;Completed;2020-12-12;2020-12-12;2022-07-28;true;;;;;246;59
247;Completed;2020-12-12;2020-12-12;2021-06-04;true;;;;;247;184
248;Completed;2020-12-12;2020-12-12;2022-07-28;true;;;;;248;56
249;Completed;2020-12-12;2020-12-12;2021-12-16;true;;;;;249;836
250;Completed;2020-12-12;2020-12-12;2021-12-16;true;;;;;250;837
251;Completed;2020-12-12;2020-12-12;2021-12-16;true;;;;;251;838
252;Completed;2020-12-12;2020-12-12;2021-12-16;true;;;;;252;769
253;Completed;2020-12-12;2020-12-12;2021-12-16;true;;;;;253;770
254;Completed;2020-12-12;2020-12-12;2021-12-16;true;;;;;254;752
255;Completed;2020-12-12;2020-12-12;2021-12-16;true;;;;;255;755
256;Completed;2020-12-12;2020-12-12;2021-12-16;true;;;;;256;957
257;Completed;2020-12-12;2020-12-12;2021-12-16;true;;;;;257;759
258;Completed;2020-12-12;2020-12-12;2021-12-16;true;;;;;258;763
259;Completed;2020-12-12;2020-12-12;2021-12-17;true;;;;;259;795
260;Completed;2020-12-12;2020-12-12;2021-12-16;true;;;;;260;776
261;Completed;2020-12-12;2020-12-12;2022-04-06;true;;;;;261;795
262;Completed;2020-12-12;2020-12-12;2022-01-25;true;;;;;262;768
263;Completed;2020-12-12;2020-12-12;2022-05-03;true;;;;;263;752
264;Completed;2020-12-12;2020-12-12;2022-05-03;true;;;;;264;755
265;Completed;2020-12-12;2020-12-12;2021-12-20;true;;;;;265;767
266;Completed;2020-12-12;2020-12-12;2021-12-16;true;;;;;266;764
267;Completed;2020-12-12;2020-12-12;2022-07-22;true;;;;;267;36
268;Completed;2020-12-12;2020-12-12;2021-12-16;true;;;;;268;754
269;Completed;2020-12-12;2020-12-12;2021-12-16;true;;;;;269;788
270;Completed;2020-12-12;2020-12-12;2022-03-21;true;;;;;270;783
271;Completed;2020-12-12;2020-12-12;2021-12-16;true;;;;;271;788
272;Completed;2020-12-12;2020-12-12;2022-01-13;true;;;;;272;780
273;Completed;2020-12-12;2020-12-12;2022-01-13;true;;;;;273;781
274;Completed;2020-12-12;2020-12-12;2022-05-16;true;;;;;274;784
275;Completed;2020-12-12;2020-12-12;2022-05-16;true;;;;;275;782
276;Completed;2020-12-12;2020-12-12;2022-05-27;true;;;;;276;768
277;Completed;2020-12-12;2020-12-12;2021-12-16;true;;;;;277;768
278;Completed;2020-12-12;2020-12-12;2021-12-16;true;;;;;278;787
279;Completed;2020-12-12;2020-12-12;2022-01-27;true;;;;;279;836
280;Completed;2020-12-12;2020-12-12;2022-01-27;true;;;;;280;837
281;Completed;2020-12-12;2020-12-12;2022-01-27;true;;;;;281;838
282;Completed;2020-12-12;2020-12-12;2022-01-27;true;;;;;282;839
283;Completed;2020-12-12;2020-12-12;2022-01-27;true;;;;;283;840
284;Completed;2020-12-12;2020-12-12;2022-03-21;true;;;;;284;759
285;Completed;2020-12-12;2020-12-12;2021-12-16;true;;;;;285;780
286;Completed;2020-12-12;2020-12-12;2021-12-16;true;;;;;286;781
287;Completed;2020-12-12;2020-12-12;2022-04-09;true;;;;;287;795
288;Completed;2020-12-12;2020-12-12;2022-04-25;true;;;;;288;839
289;Completed;2020-12-12;2020-12-12;2022-04-25;true;;;;;289;840
290;Completed;2020-12-12;2020-12-12;2022-02-08;true;;;;;290;759
291;Completed;2020-12-12;2020-12-12;2022-01-03;true;;;;;291;780
292;Completed;2020-12-12;2020-12-12;2022-01-03;true;;;;;292;781
293;Completed;2020-12-12;2020-12-12;2022-05-16;true;;;;;293;779
296;Completed;2020-12-12;2020-12-12;2022-02-15;true;;;;;296;789
297;Completed;2020-12-12;2020-12-12;2021-12-28;true;;;;;297;787
301;Completed;2020-12-12;2020-12-12;2022-04-04;true;;;;;301;791
302;Completed;2020-12-12;2020-12-12;2022-04-04;true;;;;;302;792
303;Completed;2020-12-12;2020-12-12;2022-03-01;true;;;;;303;793
304;Completed;2020-12-12;2020-12-12;2022-01-24;true;;;;;304;776
305;Completed;2020-12-12;2020-12-12;2022-01-31;true;;;;;305;768
306;Completed;2020-12-12;2020-12-12;2022-01-24;true;;;;;306;764
307;Completed;2020-12-12;2020-12-12;2022-03-15;true;;;;;307;754
308;Completed;2020-12-12;2020-12-12;2022-03-01;true;;;;;308;766
309;Completed;2020-12-12;2020-12-12;2022-04-14;true;;;;;309;26
310;Completed;2020-12-12;2020-12-12;2022-01-31;true;;;;;310;922
311;Completed;2020-12-12;2020-12-12;2022-03-21;true;;;;;311;754
313;Completed;2020-12-12;2020-12-12;2022-01-17;true;;;;;313;836
314;Completed;2020-12-12;2020-12-12;2022-01-17;true;;;;;314;837
315;Completed;2020-12-12;2020-12-12;2022-01-17;true;;;;;315;838
316;Completed;2020-12-12;2020-12-12;2022-01-17;true;;;;;316;839
317;Completed;2020-12-12;2020-12-12;2022-01-17;true;;;;;317;840
318;Completed;2020-12-12;2020-12-12;2022-03-30;true;;;;;318;769
319;Completed;2020-12-12;2020-12-12;2022-02-22;true;;;;;319;759
320;Completed;2020-12-12;2020-12-12;2022-01-17;true;;;;;320;836
321;Completed;2020-12-12;2020-12-12;2022-01-17;true;;;;;321;837
322;Completed;2020-12-12;2020-12-12;2022-01-17;true;;;;;322;838
323;Completed;2020-12-12;2020-12-12;2022-01-17;true;;;;;323;839
324;Completed;2020-12-12;2020-12-12;2022-01-17;true;;;;;324;840
325;Completed;2020-12-12;2020-12-12;2022-02-22;true;;;;;325;759
326;Completed;2020-12-12;2020-12-12;2023-03-12;true;;;;;326;778
327;Completed;2020-12-12;2020-12-12;2022-03-07;true;;;;;327;783
328;Completed;2020-12-12;2020-12-12;2022-05-02;true;;;;;328;785
329;Completed;2020-12-12;2020-12-12;2022-01-12;true;;;;;329;784
330;Completed;2020-12-12;2020-12-12;2022-01-12;true;;;;;330;51
331;Completed;2020-12-12;2020-12-12;2022-01-12;true;;;;;331;784
332;Completed;2020-12-12;2020-12-12;2022-01-12;true;;;;;332;788
333;Completed;2020-12-12;2020-12-12;2022-02-01;true;;;;;333;778
336;Completed;2020-12-12;2020-12-12;2022-01-12;true;;;;;336;788
337;Completed;2020-12-12;2020-12-12;2022-03-02;true;;;;;337;977
338;Completed;2020-12-12;2020-12-12;2022-07-05;true;;;;;338;778
339;Completed;2020-12-12;2020-12-12;2022-04-14;true;;;;;339;789
340;Completed;2020-12-12;2020-12-12;2022-02-17;true;;;;;340;787
341;Completed;2020-12-12;2020-12-12;2022-07-21;true;;;;;341;29
342;Completed;2020-12-12;2020-12-12;2022-12-27;true;;;;;342;770
343;Completed;2020-12-12;2020-12-12;2022-04-12;true;;;;;343;839
344;Completed;2020-12-12;2020-12-12;2022-05-03;true;;;;;344;767
345;Completed;2020-12-12;2020-12-12;2022-04-20;true;;;;;345;779
346;Completed;2020-12-12;2020-12-12;2022-05-04;true;;;;;346;977
347;Completed;2020-12-12;2020-12-12;2022-05-12;true;;;;;347;778
348;Completed;2020-12-12;2020-12-12;2022-04-21;true;;;;;348;40
349;Completed;2020-12-12;2020-12-12;2022-06-10;true;;;;;349;778
351;Completed;2020-12-12;2020-12-12;2022-05-03;true;;;;;351;98
352;Completed;2020-12-12;2020-12-12;2022-01-09;true;;;;;352;776
353;Completed;2020-12-12;2020-12-12;2023-11-15;true;;;;;353;922
354;Completed;2020-12-12;2020-12-12;2022-11-15;true;;;;;354;837
355;Completed;2020-12-12;2020-12-12;2022-11-22;true;;;;;355;840
356;Completed;2020-12-12;2020-12-12;2022-11-22;true;;;;;356;764
357;Completed;2020-12-12;2020-12-12;2022-11-09;true;;;;;357;836
358;Completed;2020-12-12;2020-12-12;2022-11-28;true;;;;;358;778
359;Completed;2020-12-12;2020-12-12;2022-11-29;true;;;;;359;767
360;Completed;2020-12-12;2020-12-12;2022-11-15;true;;;;;360;837
361;Completed;2020-12-12;2020-12-12;2022-11-29;true;;;;;361;922
362;Completed;2020-12-12;2020-12-12;2022-11-30;true;;;;;362;780
363;Completed;2020-12-12;2020-12-12;2022-11-10;true;;;;;363;774
364;Completed;2020-12-12;2020-12-12;2022-11-10;true;;;;;364;784
365;Completed;2020-12-12;2020-12-12;2022-11-10;true;;;;;365;836
366;Completed;2020-12-12;2020-12-12;2022-11-24;true;;;;;366;839
367;Completed;2020-12-12;2020-12-12;2022-11-10;true;;;;;367;769
368;Completed;2020-12-12;2020-12-12;2022-11-16;true;;;;;368;957
369;Completed;2020-12-12;2020-12-12;2022-11-10;true;;;;;369;785
370;Completed;2020-12-12;2020-12-12;2022-11-23;true;;;;;370;764
371;Completed;2020-12-12;2020-12-12;2022-11-30;true;;;;;371;922
372;Completed;2020-12-12;2020-12-12;2022-11-30;true;;;;;372;780
373;Completed;2020-12-12;2020-12-12;2022-11-30;true;;;;;373;781
374;Completed;2020-12-12;2020-12-12;2022-11-10;true;;;;;374;792
375;Completed;2020-12-12;2020-12-12;2022-11-10;true;;;;;375;787
376;Completed;2020-12-12;2020-12-12;2022-12-27;true;;;;;376;787
377;Completed;2020-12-12;2020-12-12;2023-01-06;true;;;;;377;767
378;Completed;2020-12-12;2020-12-12;2022-12-27;true;;;;;378;787
379;Completed;2020-12-12;2020-12-12;2022-12-27;true;;;;;379;788
380;Completed;2020-12-12;2020-12-12;2022-12-27;true;;;;;380;836
381;Completed;2020-12-12;2020-12-12;2022-12-27;true;;;;;381;763
382;Completed;2020-12-12;2020-12-12;2023-01-16;true;;;;;382;840
383;Completed;2020-12-12;2020-12-12;2023-01-16;true;;;;;383;838
384;Completed;2020-12-12;2020-12-12;2023-01-16;true;;;;;384;922
385;Completed;2020-12-12;2020-12-12;2023-01-16;true;;;;;385;799
386;Completed;2020-12-12;2020-12-12;2023-01-16;true;;;;;386;974
387;Completed;2020-12-12;2020-12-12;2023-01-16;true;;;;;387;840
388;Completed;2020-12-12;2020-12-12;2023-12-27;true;;;;;388;784
389;Completed;2020-12-12;2020-12-12;2023-01-09;true;;;;;389;764
390;Completed;2020-12-12;2020-12-12;2022-12-27;true;;;;;390;769
391;Completed;2020-12-12;2020-12-12;2022-12-27;true;;;;;391;769
392;Completed;2020-12-12;2020-12-12;2022-12-27;true;;;;;392;836
393;Completed;2020-12-12;2020-12-12;2023-01-16;true;;;;;393;789
394;Completed;2020-12-12;2020-12-12;2023-01-16;true;;;;;394;780
395;Completed;2020-12-12;2020-12-12;2023-01-16;true;;;;;395;781
396;Completed;2020-12-12;2020-12-12;2023-01-09;true;;;;;396;752
397;Completed;2020-12-12;2020-12-12;2023-01-09;true;;;;;397;839
398;Completed;2020-12-12;2020-12-12;2023-01-09;true;;;;;398;838
399;Completed;2020-12-12;2020-12-12;2022-12-27;true;;;;;399;785
400;Completed;2020-12-12;2020-12-12;2023-01-09;true;;;;;400;764
401;Completed;2020-12-12;2020-12-12;2022-12-19;true;;;;;401;239
402;Completed;2020-12-12;2020-12-12;2022-12-27;true;;;;;402;769
403;Completed;2020-12-12;2020-12-12;2022-12-26;true;;;;;403;946
404;Completed;2020-12-12;2020-12-12;2023-01-16;true;;;;;404;780
405;Completed;2020-12-12;2020-12-12;2023-01-16;true;;;;;405;781
406;Completed;2020-12-12;2020-12-12;2023-01-12;true;;;;;406;769
407;Completed;2020-12-12;2020-12-12;2023-01-18;true;;;;;407;837
408;Completed;2020-12-12;2020-12-12;2023-02-09;true;;;;;408;787
409;Completed;2020-12-12;2020-12-12;2023-03-01;true;;;;;409;922
410;Completed;2020-12-12;2020-12-12;2023-03-01;true;;;;;410;768
411;Completed;2020-12-12;2020-12-12;2023-03-01;true;;;;;411;767
412;Completed;2020-12-12;2020-12-12;2021-12-16;true;;;;;412;795
413;Completed;2020-12-12;2020-12-12;2023-03-01;true;;;;;413;778
414;Completed;2020-12-12;2020-12-12;2023-02-09;true;;;;;414;29
415;Completed;2020-12-12;2020-12-12;2023-02-10;true;;;;;415;785
416;Completed;2020-12-12;2020-12-12;2023-02-10;true;;;;;416;791
417;Completed;2020-12-12;2020-12-12;2023-03-27;true;;;;;417;54
418;Completed;2020-12-12;2020-12-12;2023-02-23;true;;;;;418;839
419;Completed;2020-12-12;2020-12-12;2023-02-16;true;;;;;419;837
420;Completed;2020-12-12;2020-12-12;2023-03-27;true;;;;;420;31
421;Completed;2020-12-12;2020-12-12;2023-03-02;true;;;;;421;922
422;Completed;2020-12-12;2020-12-12;2023-02-08;true;;;;;422;57
423;Completed;2020-12-12;2020-12-12;2023-02-11;true;;;;;423;787
424;Completed;2020-12-12;2020-12-12;2023-02-11;true;;;;;424;784
425;Completed;2020-12-12;2020-12-12;2023-02-24;true;;;;;425;838
426;Completed;2020-12-12;2020-12-12;2023-02-11;true;;;;;426;770
427;Completed;2020-12-12;2020-12-12;2023-03-02;true;;;;;427;780
428;Completed;2020-12-12;2020-12-12;2023-03-02;true;;;;;428;781
429;Completed;2020-12-12;2020-12-12;2023-02-22;true;;;;;429;788
430;Completed;2020-12-12;2020-12-12;2023-02-22;true;;;;;430;784
431;Completed;2020-12-12;2020-12-12;2023-02-22;true;;;;;431;784
432;Completed;2020-12-12;2020-12-12;2023-03-08;true;;;;;432;784
433;Completed;2020-12-12;2020-12-12;2023-03-21;true;;;;;433;776
434;Completed;2020-12-12;2020-12-12;2023-03-14;true;;;;;434;838
435;Completed;2020-12-12;2020-12-12;2023-03-21;true;;;;;435;754
436;Completed;2020-12-12;2020-12-12;2023-02-28;true;;;;;436;38
437;Completed;2020-12-12;2020-12-12;2023-02-23;true;;;;;437;49
438;Completed;2020-12-12;2020-12-12;2023-03-29;true;;;;;438;764
439;Completed;2020-12-12;2020-12-12;2023-03-16;true;;;;;439;784
440;Completed;2020-12-12;2020-12-12;2023-03-29;true;;;;;440;957
441;Completed;2020-12-12;2020-12-12;2023-03-15;true;;;;;441;51
442;Completed;2020-12-12;2020-12-12;2023-04-05;true;;;;;442;799
443;Completed;2020-12-12;2020-12-12;2023-04-05;true;;;;;443;974
444;Completed;2020-12-12;2020-12-12;2023-03-23;true;;;;;444;46
445;Completed;2020-12-12;2020-12-12;2023-02-10;true;;;;;445;57
446;Completed;2020-12-12;2020-12-12;2023-02-22;true;;;;;446;208
447;Completed;2020-12-12;2020-12-12;2023-03-09;true;;;;;447;98
448;Completed;2020-12-12;2020-12-12;2023-03-23;true;;;;;448;219
449;Completed;2020-12-12;2020-12-12;2023-03-09;true;;;;;449;98
450;Completed;2020-12-12;2020-12-12;2023-03-23;true;;;;;450;184
451;Completed;2020-12-12;2020-12-12;2023-03-23;true;;;;;451;38
452;Completed;2020-12-12;2020-12-12;2023-04-20;true;;;;;452;974
453;Completed;2020-12-12;2020-12-12;2023-03-20;true;;;;;453;38
454;Completed;2020-12-12;2020-12-12;2023-03-30;true;;;;;454;31
455;Completed;2020-12-12;2020-12-12;2023-04-20;true;;;;;455;769
456;Completed;2020-12-12;2020-12-12;2023-03-30;true;;;;;456;31
457;Completed;2020-12-12;2020-12-12;2023-04-20;true;;;;;457;787
458;Completed;2020-12-12;2020-12-12;2023-04-12;true;;;;;458;14
459;Completed;2020-12-12;2020-12-12;2023-04-20;true;;;;;459;787
460;Completed;2020-12-12;2020-12-12;2023-05-03;true;;;;;460;840
461;Completed;2020-12-12;2020-12-12;2023-04-20;true;;;;;461;946
462;Completed;2020-12-12;2020-12-12;2023-04-12;true;;;;;462;101
463;Completed;2020-12-12;2020-12-12;2023-03-31;true;;;;;463;32
467;Completed;2020-12-12;2020-12-12;2022-12-04;true;;;;;467;839
468;Completed;2020-12-12;2020-12-12;2022-05-03;true;;;;;468;767
469;Completed;2020-12-12;2020-12-12;2021-12-16;true;;;;;469;789
470;Completed;2020-12-12;2020-12-12;2021-12-16;true;;;;;470;767
471;Completed;2020-12-12;2020-12-12;2021-12-16;true;;;;;471;768
472;Completed;2020-12-12;2020-12-12;2022-12-27;true;;;;;472;784
473;Completed;2020-12-12;2020-12-12;2023-04-20;true;;;;;473;787
474;Completed;2020-12-12;2020-12-12;2023-04-20;true;;;;;474;787
475;Completed;2020-12-12;2020-12-12;2023-04-20;true;;;;;475;946
476;Completed;2020-12-12;2020-12-12;2023-04-12;true;;;;;476;101
477;Completed;2020-12-12;2020-12-12;2023-04-12;true;;;;;477;102
478;Completed;2020-12-12;2020-12-12;2023-03-05;true;;;;;478;752
479;Completed;2020-12-12;2020-12-12;2022-10-11;true;;;;;479;784
480;Completed;2020-12-12;2020-12-12;2023-01-03;true;;;;;480;780
481;Completed;2020-12-12;2020-12-12;2023-01-03;true;;;;;481;781
482;Completed;2020-12-12;2020-12-12;2023-03-28;true;;;;;482;780
483;Completed;2020-12-12;2020-12-12;2023-03-28;true;;;;;483;781
484;Completed;2020-12-12;2020-12-12;2023-01-24;true;;;;;484;784
485;Completed;2020-12-12;2020-12-12;2023-03-23;true;;;;;485;784
486;Completed;2020-12-12;2020-12-12;2023-03-16;true;;;;;486;787
487;Completed;2020-12-12;2020-12-12;2023-12-03;true;;;;;487;778
488;Completed;2020-12-12;2020-12-12;2023-05-04;true;;;;;488;772
489;Completed;2020-12-12;2020-12-12;2023-10-05;true;;;;;489;768
490;Completed;2020-12-12;2020-12-12;2023-04-26;true;;;;;490;838
491;Completed;2020-12-12;2020-12-12;2023-10-05;true;;;;;491;767
492;Completed;2020-12-12;2020-12-12;2023-10-05;true;;;;;492;767
493;Completed;2020-12-12;2020-12-12;2023-03-03;true;;;;;493;974
494;Completed;2020-12-12;2020-12-12;2023-03-03;true;;;;;494;799
495;Completed;2020-12-12;2020-12-12;2023-09-02;true;;;;;495;784
496;Completed;2020-12-12;2020-12-12;2023-10-05;true;;;;;496;768
497;Completed;2020-12-12;2020-12-12;2023-10-05;true;;;;;497;767
498;Completed;2020-12-12;2020-12-12;2023-03-23;true;;;;;498;746
499;Completed;2020-12-12;2020-12-12;2022-11-29;true;;;;;499;747
500;Completed;2020-12-12;2020-12-12;2023-07-03;true;;;;;500;748
501;Completed;2020-12-12;2020-12-12;2023-08-05;true;;;;;501;11
502;Completed;2020-12-12;2020-12-12;2023-03-23;true;;;;;502;747
503;Completed;2020-12-12;2020-12-12;2023-03-23;true;;;;;503;748
504;Completed;2020-12-12;2020-12-12;2023-03-23;true;;;;;504;749
505;Completed;2020-12-12;2020-12-12;2023-05-22;true;;;;;505;8
506;Completed;2020-12-12;2020-12-12;2021-10-08;true;;;;;506;773
507;Completed;2020-12-12;2020-12-12;2023-05-22;true;;;;;507;9
508;Completed;2020-12-12;2020-12-12;2023-05-22;true;;;;;508;10
509;Completed;2020-12-12;2020-12-12;2023-05-22;true;;;;;509;11
510;Completed;2020-12-12;2020-12-12;2023-06-13;true;;;;;510;8
511;Completed;2020-12-12;2020-12-12;2023-06-13;true;;;;;511;9
512;Completed;2020-12-12;2020-12-12;2023-06-13;true;;;;;512;10
513;Completed;2020-12-12;2020-12-12;2023-05-09;true;;;;;513;746
514;Completed;2020-12-12;2020-12-12;2023-05-09;true;;;;;514;747
515;Completed;2020-12-12;2020-12-12;2023-05-09;true;;;;;515;748
516;Completed;2020-12-12;2020-12-12;2023-05-23;true;;;;;516;12
517;Completed;2020-12-12;2020-12-12;2023-06-13;true;;;;;517;750
518;Completed;2020-12-12;2020-12-12;2023-03-01;true;;;;;518;767
519;Completed;2020-12-12;2020-12-12;2021-10-22;true;;;;;519;746
520;Completed;2020-12-12;2020-12-12;2021-10-22;true;;;;;520;747
521;Completed;2020-12-12;2020-12-12;2021-10-22;true;;;;;521;748
522;Completed;2020-12-12;2020-12-12;2021-10-22;true;;;;;522;749
523;Completed;2020-12-12;2020-12-12;2021-12-02;true;;;;;523;746
524;Completed;2020-12-12;2020-12-12;2021-12-02;true;;;;;524;747
525;Completed;2020-12-12;2020-12-12;2021-12-02;true;;;;;525;748
526;Completed;2020-12-12;2020-12-12;2021-12-02;true;;;;;526;749
527;Completed;2020-12-12;2020-12-12;2022-06-06;true;;;;;527;8
528;Completed;2020-12-12;2020-12-12;2022-06-06;true;;;;;528;9
529;Completed;2020-12-12;2020-12-12;2022-06-06;true;;;;;529;10
530;Completed;2020-12-12;2020-12-12;2022-04-30;true;;;;;530;746
531;Completed;2020-12-12;2020-12-12;2022-04-30;true;;;;;531;747
532;Completed;2020-12-12;2020-12-12;2022-04-30;true;;;;;532;748
533;Completed;2020-12-12;2020-12-12;2022-04-30;true;;;;;533;749
534;Completed;2020-12-12;2020-12-12;2022-05-10;true;;;;;534;746
535;Completed;2020-12-12;2020-12-12;2022-05-10;true;;;;;535;747
536;Completed;2020-12-12;2020-12-12;2022-05-10;true;;;;;536;748
537;Completed;2020-12-12;2020-12-12;2019-11-05;true;;;;;537;8
538;Completed;2020-12-12;2020-12-12;2019-11-05;true;;;;;538;9
539;Completed;2020-12-12;2020-12-12;2019-11-05;true;;;;;539;10
540;Completed;2020-12-12;2020-12-12;2019-11-05;true;;;;;540;11
541;Completed;2020-12-12;2020-12-12;2023-01-24;true;;;;;541;8
542;Completed;2020-12-12;2020-12-12;2023-01-24;true;;;;;542;9
543;Completed;2020-12-12;2020-12-12;2023-01-24;true;;;;;543;10
544;Completed;2020-12-12;2020-12-12;2023-01-24;true;;;;;544;11
545;Completed;2020-12-12;2020-12-12;2023-03-15;true;;;;;545;746
546;Completed;2020-12-12;2020-12-12;2023-03-15;true;;;;;546;747
547;Completed;2020-12-12;2020-12-12;2023-03-15;true;;;;;547;748
548;Completed;2020-12-12;2020-12-12;2023-03-15;true;;;;;548;749
549;Completed;2020-12-12;2020-12-12;2023-03-15;true;;;;;549;746
550;Completed;2020-12-12;2020-12-12;2023-03-15;true;;;;;550;747
551;Completed;2020-12-12;2020-12-12;2023-03-15;true;;;;;551;748
552;Completed;2020-12-12;2020-12-12;2023-03-15;true;;;;;552;749
553;Completed;2020-12-12;2020-12-12;2023-06-13;true;;;;;553;8
554;Completed;2020-12-12;2020-12-12;2023-06-13;true;;;;;554;9
555;Completed;2020-12-12;2020-12-12;2023-06-13;true;;;;;555;10
556;Completed;2020-12-12;2020-12-12;2023-04-17;true;;;;;556;8
557;Completed;2020-12-12;2020-12-12;2023-04-17;true;;;;;557;9
558;Completed;2020-12-12;2020-12-12;2023-04-17;true;;;;;558;10
559;Completed;2020-12-12;2020-12-12;2023-04-17;true;;;;;559;11
560;Completed;2020-12-12;2020-12-12;2021-10-27;true;;;;;560;739
561;Completed;2020-12-12;2020-12-12;2021-10-27;true;;;;;561;745
565;Completed;2020-12-12;2020-12-12;2021-10-27;true;;;;;565;740
566;Completed;2020-12-12;2020-12-12;2021-10-27;true;;;;;566;741
567;Completed;2020-12-12;2020-12-12;2021-10-27;true;;;;;567;743
568;Completed;2020-12-12;2020-12-12;2021-10-27;true;;;;;568;744
569;Completed;2020-12-12;2020-12-12;2023-01-02;true;;;;;569;745
570;Completed;2020-12-12;2020-12-12;2021-10-27;true;;;;;570;740
573;Completed;2020-12-12;2020-12-12;2021-10-27;true;;;;;573;741
574;Completed;2020-12-12;2020-12-12;2021-10-27;true;;;;;574;742
575;Completed;2020-12-12;2020-12-12;2021-10-27;true;;;;;575;743
576;Completed;2020-12-12;2020-12-12;2021-10-27;true;;;;;576;744
577;Completed;2020-12-12;2020-12-12;2023-02-10;true;;;;;577;745
578;Completed;2020-12-12;2020-12-12;2021-10-27;true;;;;;578;745
579;Completed;2020-12-12;2020-12-12;2021-10-27;true;;;;;579;739
580;Completed;2020-12-12;2020-12-12;2022-01-23;true;;;;;580;739
581;Completed;2020-12-12;2020-12-12;2022-07-15;true;;;;;581;7
583;Completed;2020-12-12;2020-12-12;2023-03-28;true;;;;;583;743
584;Completed;2020-12-12;2020-12-12;2023-03-28;true;;;;;584;744
585;Completed;2020-12-12;2020-12-12;2022-05-05;true;;;;;585;739
586;Completed;2020-12-12;2020-12-12;2021-10-27;true;;;;;586;745
587;Completed;2020-12-12;2020-12-12;2021-10-27;true;;;;;587;740
588;Completed;2020-12-12;2020-12-12;2021-10-27;true;;;;;588;741
589;Completed;2020-12-12;2020-12-12;2021-10-27;true;;;;;589;743
590;Completed;2020-12-12;2020-12-12;2021-10-27;true;;;;;590;744
591;Completed;2020-12-12;2020-12-12;2023-03-28;true;;;;;591;743
592;Completed;2020-12-12;2020-12-12;2023-03-28;true;;;;;592;744
593;Completed;2020-12-12;2020-12-12;2022-06-21;true;;;;;593;743
594;Completed;2020-12-12;2020-12-12;2022-06-21;true;;;;;594;744
595;Completed;2020-12-12;2020-12-12;2022-12-08;true;;;;;595;743
596;Completed;2020-12-12;2020-12-12;2022-12-08;true;;;;;596;744
597;Completed;2020-12-12;2020-12-12;2022-10-28;true;;;;;597;743
598;Completed;2020-12-12;2020-12-12;2022-10-28;true;;;;;598;744
599;Completed;2020-12-12;2020-12-12;2023-02-27;true;;;;;599;745
600;Completed;2020-12-12;2020-12-12;2021-11-15;true;;;;;600;745
601;Completed;2020-12-12;2020-12-12;2021-10-27;true;;;;;601;739
602;Completed;2020-12-12;2020-12-12;2021-10-27;true;;;;;602;739
603;Completed;2020-12-12;2020-12-12;2021-12-14;true;;;;;603;740
604;Completed;2020-12-12;2020-12-12;2021-12-14;true;;;;;604;741
605;Completed;2020-12-12;2020-12-12;2021-12-14;true;;;;;605;743
606;Completed;2020-12-12;2020-12-12;2021-12-14;true;;;;;606;744
607;Completed;2020-12-12;2020-12-12;2021-10-27;true;;;;;607;740
608;Completed;2020-12-12;2020-12-12;2021-10-27;true;;;;;608;740
609;Completed;2020-12-12;2020-12-12;2021-10-27;true;;;;;609;741
610;Completed;2020-12-12;2020-12-12;2021-11-10;true;;;;;610;742
611;Completed;2020-12-12;2020-12-12;2021-10-27;true;;;;;611;743
612;Completed;2020-12-12;2020-12-12;2021-10-27;true;;;;;612;744
613;Completed;2020-12-12;2020-12-12;2021-10-27;true;;;;;613;745
614;Completed;2020-12-12;2020-12-12;2023-02-09;true;;;;;614;745
615;Completed;2020-12-12;2020-12-12;2021-10-27;true;;;;;615;739
616;Completed;2020-12-12;2020-12-12;2022-07-10;true;;;;;616;739
617;Completed;2020-12-12;2020-12-12;2021-10-27;true;;;;;617;740
618;Completed;2020-12-12;2020-12-12;2021-10-27;true;;;;;618;741
619;Completed;2020-12-12;2020-12-12;2021-10-27;true;;;;;619;743
620;Completed;2020-12-12;2020-12-12;2021-10-27;true;;;;;620;744
621;Completed;2020-12-12;2020-12-12;2022-12-08;true;;;;;621;743
622;Completed;2020-12-12;2020-12-12;2022-12-08;true;;;;;622;744
623;Completed;2020-12-12;2020-12-12;2022-06-30;true;;;;;623;739
624;Completed;2020-12-12;2020-12-12;2022-06-13;true;;;;;624;740
625;Completed;2020-12-12;2020-12-12;2022-06-13;true;;;;;625;741
626;Completed;2020-12-12;2020-12-12;2022-02-28;true;;;;;626;743
627;Completed;2020-12-12;2020-12-12;2022-02-28;true;;;;;627;744
628;Completed;2020-12-12;2020-12-12;2023-02-02;true;;;;;628;4
629;Completed;2020-12-12;2020-12-12;2021-10-27;true;;;;;629;739
630;Completed;2020-12-12;2020-12-12;2021-10-27;true;;;;;630;739
