id;level;order_number;training_duration;recycling_period;process_id;checklist_model_id
1;B;1;P2W;P1W;1;10
2;B;1;P2W;P1W;2;10
3;B;1;P4W;P1W;3;10
4;B;1;P4W;P1W;4;10
5;B;1;P5W;P1W;5;10
6;B;1;P5W;P1W;6;10
7;B;1;P4W;P1W;7;10
8;B;1;P3W;P1W;8;10
9;B;1;P3W;P1W;9;10
10;B;1;P3W;P1W;10;10
11;B;1;P3W;P1W;11;10
12;B;1;P4W;P1W;12;10
13;B;1;P2W;P1W;13;10
14;B;1;P4W;P1W;14;10
15;B;1;P4W;P1W;15;10
16;B;1;P4W;P1W;16;10
17;B;1;P4W;P1W;17;10
18;B;1;P2W;P1W;18;10
19;B;1;P2W;P1W;19;10
20;B;1;P3W;P1W;20;10
21;B;1;P2W;P1W;21;10
22;B;1;P3W;P1W;22;10
23;B;1;P4W;P1W;23;10
24;B;1;P4W;P1W;24;10
25;B;1;P2W;P1W;25;10
26;B;1;P4W;P1W;26;10
27;B;1;P4W;P1W;27;10
28;B;1;P4W;P1W;28;10
29;B;1;P5W;P1W;29;10
30;B;1;P5W;P1W;30;10
31;B;1;P2W;P1W;31;10
32;B;1;P2W;P1W;32;10
33;B;1;P2W;P1W;33;10
34;B;1;P5W;P1W;34;10
35;B;1;P2W;P1W;35;10
36;B;1;P2W;P1W;36;10
37;B;1;P3W;P1W;37;10
38;B;1;P4W;P1W;38;10
39;B;1;P5W;P1W;39;10
40;B;1;P5W;P1W;40;10
41;B;1;P2W;P1W;41;10
42;B;1;P5W;P1W;42;10
43;B;1;P5W;P1W;43;10
44;B;1;P5W;P1W;44;10
45;B;1;P2W;P1W;45;10
46;B;1;P2W;P1W;46;10
47;B;1;P2W;P1W;47;10
48;B;1;P2W;P1W;48;10
49;B;1;P2W;P1W;49;10
50;B;1;P2W;P1W;50;10
51;B;1;P5W;P1W;51;10
52;B;1;P4W;P1W;52;10
53;B;1;P2W;P1W;53;10
54;B;1;P2W;P1W;54;10
55;B;1;P2W;P1W;55;10
56;B;1;P4W;P1W;56;10
57;B;1;P2W;P1W;57;10
58;B;1;P4W;P1W;58;10
59;B;1;P4W;P1W;59;10
60;B;1;P4W;P1W;60;10
61;B;1;P5W;P1W;61;10
62;B;1;P2W;P1W;62;10
63;B;1;P99W;P1W;63;10
64;B;1;P99W;P1W;64;10
65;B;1;P99W;P1W;65;10
66;B;1;P5W;P1W;66;10
67;B;1;P4W;P1W;67;10
68;B;1;P99W;P1W;68;10
69;B;1;P4W;P1W;69;10
70;B;1;P99W;P1W;70;10
71;B;1;P2W;P1W;71;10
72;B;1;P99W;P1W;72;10
73;B;1;P99W;P1W;73;10
74;B;1;P99W;P1W;74;10
75;B;1;P4W;P1W;75;10
76;B;1;P99W;P1W;76;10
77;B;1;P99W;P1W;77;10
78;B;1;P4W;P1W;78;10
79;B;1;P99W;P1W;79;10
80;B;1;P2W;P1W;80;10
81;B;1;P1W;P1W;81;10
82;B;1;P99W;P1W;82;10
83;B;1;P99W;P1W;83;10
84;B;1;P1W;P1W;84;10
85;B;1;P2W;P1W;85;10
86;B;1;P99W;P1W;86;10
87;B;1;P99W;P1W;87;10
88;B;1;P99W;P1W;88;10
89;B;1;P1W;P1W;89;10
90;B;1;P99W;P1W;90;10
91;B;1;P99W;P1W;91;10
92;B;1;P99W;P1W;92;10
93;B;1;P5W;P1W;93;10
94;B;1;P4W;P1W;94;10
95;B;1;P99W;P1W;95;10
96;B;1;P99W;P1W;96;10
97;B;1;P99W;P1W;97;10
98;B;1;P4W;P1W;98;10
99;B;1;P99W;P1W;99;10
100;B;1;P2W;P1W;100;10
101;B;1;P1W;P1W;101;10
102;B;1;P99W;P1W;102;10
103;B;1;P2W;P1W;103;10
104;B;1;P2W;P1W;104;10
105;B;1;P99W;P1W;105;10
106;B;1;P99W;P1W;106;10
107;B;1;P4W;P1W;107;10
108;B;1;P99W;P1W;108;10
109;B;1;P2W;P1W;109;10
110;B;1;P99W;P1W;110;10
111;B;1;P1W;P1W;111;10
112;B;1;P2W;P1W;112;10
113;B;1;P2W;P1W;113;10
114;B;1;P99W;P1W;114;10
115;B;1;P99W;P1W;115;10
116;B;1;P99W;P1W;116;10
117;B;1;P99W;P1W;117;10
118;B;1;P5W;P1W;118;10
119;B;1;P4W;P1W;119;10
120;B;1;P99W;P1W;120;10
121;B;1;P4W;P1W;121;10
122;B;1;P99W;P1W;122;10
123;B;1;P4W;P1W;123;10
124;B;1;P99W;P1W;124;10
125;B;1;P99W;P1W;125;10
126;B;1;P2W;P1W;126;10
127;B;1;P2W;P1W;127;10
128;B;1;P2W;P1W;128;10
129;B;1;P99W;P1W;129;10
130;B;1;P99W;P1W;130;10
131;B;1;P2W;P1W;131;10
132;B;1;P2W;P1W;132;10
133;B;1;P99W;P1W;133;10
134;B;1;P99W;P1W;134;10
135;B;1;P99W;P1W;135;10
136;B;1;P99W;P1W;136;10
137;B;1;P5W;P1W;137;10
138;B;1;P4W;P1W;138;10
139;B;1;P99W;P1W;139;10
140;B;1;P4W;P1W;140;10
141;B;1;P99W;P1W;141;10
142;B;1;P4W;P1W;142;10
143;B;1;P99W;P1W;143;10
144;B;1;P99W;P1W;144;10
145;B;1;P2W;P1W;145;10
146;B;1;P2W;P1W;146;10
147;B;1;P2W;P1W;147;10
148;B;1;P99W;P1W;148;10
149;B;1;P99W;P1W;149;10
150;B;1;P2W;P1W;150;10
151;B;1;P99W;P1W;151;10
152;B;1;P2W;P1W;152;10
153;B;1;P99W;P1W;153;10
154;B;1;P99W;P1W;154;10
155;B;1;P99W;P1W;155;10
156;B;1;P99W;P1W;156;10
157;B;1;P5W;P1W;157;10
158;B;1;P4W;P1W;158;10
159;B;1;P99W;P1W;159;10
160;B;1;P4W;P1W;160;10
161;B;1;P99W;P1W;161;10
162;B;1;P99W;P1W;162;10
163;B;1;P1W;P1W;163;10
164;B;1;P2W;P1W;164;10
165;B;1;P99W;P1W;165;10
166;B;1;P2W;P1W;166;10
167;B;1;P99W;P1W;167;10
168;B;1;P2W;P1W;168;10
169;B;1;P99W;P1W;169;10
170;B;1;P99W;P1W;170;10
171;B;1;P99W;P1W;171;10
172;B;1;P5W;P1W;172;10
173;B;1;P4W;P1W;173;10
174;B;1;P99W;P1W;174;10
175;B;1;P4W;P1W;175;10
176;B;1;P99W;P1W;176;10
177;B;1;P99W;P1W;177;10
178;B;1;P4W;P1W;178;10
179;B;1;P2W;P1W;179;10
180;B;1;P2W;P1W;180;10
181;B;1;P99W;P1W;181;10
182;B;1;P99W;P1W;182;10
183;B;1;P5W;P1W;183;10
184;B;1;P99W;P1W;184;10
185;B;1;P2W;P1W;185;10
186;B;1;P99W;P1W;186;10
187;B;1;P99W;P1W;187;10
188;B;1;P5W;P1W;188;10
189;B;1;P1W;P1W;189;10
190;B;1;P99W;P1W;190;10
191;B;1;P4W;P1W;191;10
192;B;1;P4W;P1W;192;10
193;B;1;P99W;P1W;193;10
194;B;1;P99W;P1W;194;10
195;B;1;P99W;P1W;195;10
196;B;1;P4W;P1W;196;10
197;B;1;P99W;P1W;197;10
198;B;1;P99W;P1W;198;10
199;B;1;P99W;P1W;199;10
200;B;1;P2W;P1W;200;10
201;B;1;P2W;P1W;201;10
202;B;1;P2W;P1W;202;10
203;B;1;P2W;P1W;203;10
204;B;1;P2W;P1W;204;10
205;B;1;P2W;P1W;205;10
206;B;1;P4W;P1W;206;10
207;B;1;P99W;P1W;207;10
208;B;1;P99W;P1W;208;10
209;B;1;P99W;P1W;209;10
210;B;1;P3W;P1W;210;10
211;B;1;P2W;P1W;211;10
212;B;1;P2W;P1W;212;10
213;B;1;P99W;P1W;213;10
214;B;1;P99W;P1W;214;10
215;B;1;P99W;P1W;215;10
216;B;1;P99W;P1W;216;10
217;B;1;P5W;P1W;217;10
218;B;1;P4W;P1W;218;10
219;B;1;P99W;P1W;219;10
220;B;1;P4W;P1W;220;10
221;B;1;P99W;P1W;221;10
222;B;1;P4W;P1W;222;10
223;B;1;P99W;P1W;223;10
224;B;1;P99W;P1W;224;10
225;B;1;P2W;P1W;225;10
226;B;1;P2W;P1W;226;10
227;B;1;P2W;P1W;227;10
228;B;1;P99W;P1W;228;10
229;B;1;P99W;P1W;229;10
230;B;1;P2W;P1W;230;10
231;B;1;P2W;P1W;231;10
232;B;1;P99W;P1W;232;10
233;B;1;P99W;P1W;233;10
234;B;1;P1W;P1W;234;10
235;B;1;P99W;P1W;235;10
236;B;1;P4W;P1W;236;10
237;B;1;P99W;P1W;237;10
238;B;1;P99W;P1W;238;10
239;B;1;P99W;P1W;239;10
240;B;1;P99W;P1W;240;10
241;B;1;P99W;P1W;241;10
242;B;1;P2W;P1W;242;10
243;B;1;P1W;P1W;243;10
244;B;1;P99W;P1W;244;10
245;B;1;P1W;P1W;245;10
246;B;1;P2W;P1W;246;10
247;B2;2;P1W;P1W;1;10
248;B2;2;P1W;P1W;2;10
249;B2;2;P1W;P1W;3;10
250;B2;2;P1W;P1W;4;10
251;B2;2;P1W;P1W;5;10
252;B2;2;P1W;P1W;6;10
253;B2;2;P1W;P1W;7;10
254;B2;2;P1W;P1W;8;10
255;B2;2;P1W;P1W;9;10
256;B2;2;P1W;P1W;10;10
257;B2;2;P1W;P1W;11;10
258;B2;2;P1W;P1W;12;10
259;B2;2;P1W;P1W;13;10
260;B2;2;P1W;P1W;14;10
261;B2;2;P1W;P1W;15;10
262;B2;2;P1W;P1W;16;10
263;B2;2;P1W;P1W;17;10
264;B2;2;P1W;P1W;18;10
265;B2;2;P1W;P1W;19;10
266;B2;2;P1W;P1W;20;10
267;B2;2;P1W;P1W;21;10
268;B2;2;P1W;P1W;22;10
269;B2;2;P1W;P1W;23;10
270;B2;2;P1W;P1W;24;10
271;B2;2;P1W;P1W;25;10
272;B2;2;P1W;P1W;26;10
273;B2;2;P1W;P1W;27;10
274;B2;2;P1W;P1W;28;10
275;B2;2;P1W;P1W;29;10
276;B2;2;P1W;P1W;30;10
277;B2;2;P99W;P1W;31;10
278;B2;2;P1W;P1W;32;10
279;B2;2;P1W;P1W;33;10
280;B2;2;P1W;P1W;34;10
281;B2;2;P1W;P1W;35;10
282;B2;2;P1W;P1W;36;10
283;B2;2;P1W;P1W;37;10
284;B2;2;P1W;P1W;38;10
285;B2;2;P1W;P1W;39;10
286;B2;2;P1W;P1W;40;10
287;B2;2;P1W;P1W;41;10
288;B2;2;P1W;P1W;42;10
289;B2;2;P1W;P1W;43;10
290;B2;2;P1W;P1W;44;10
291;B2;2;P1W;P1W;45;10
292;B2;2;P1W;P1W;46;10
293;B2;2;P1W;P1W;47;10
294;B2;2;P1W;P1W;48;10
295;B2;2;P1W;P1W;49;10
296;B2;2;P1W;P1W;50;10
297;B2;2;P1W;P1W;51;10
298;B2;2;P1W;P1W;52;10
299;B2;2;P1W;P1W;53;10
300;B2;2;P1W;P1W;54;10
301;B2;2;P1W;P1W;55;10
302;B2;2;P1W;P1W;56;10
303;B2;2;P1W;P1W;57;10
304;B2;2;P1W;P1W;58;10
305;B2;2;P1W;P1W;59;10
306;B2;2;P1W;P1W;60;10
307;B2;2;P1W;P1W;61;10
308;B2;2;P1W;P1W;62;10
309;B2;2;P1W;P1W;63;10
310;B2;2;P1W;P1W;64;10
311;B2;2;P1W;P1W;65;10
312;B2;2;P1W;P1W;66;10
313;B2;2;P1W;P1W;67;10
314;B2;2;P1W;P1W;68;10
315;B2;2;P1W;P1W;69;10
316;B2;2;P1W;P1W;70;10
317;B2;2;P1W;P1W;71;10
318;B2;2;P1W;P1W;72;10
319;B2;2;P1W;P1W;73;10
320;B2;2;P1W;P1W;74;10
321;B2;2;P1W;P1W;75;10
322;B2;2;P1W;P1W;76;10
323;B2;2;P1W;P1W;77;10
324;B2;2;P1W;P1W;78;10
325;B2;2;P1W;P1W;79;10
326;B2;2;P1W;P1W;80;10
327;B2;2;P1W;P1W;81;10
328;B2;2;P1W;P1W;82;10
329;B2;2;P1W;P1W;83;10
330;B2;2;P1W;P1W;84;10
331;B2;2;P1W;P1W;85;10
332;B2;2;P1W;P1W;86;10
333;B2;2;P1W;P1W;87;10
334;B2;2;P1W;P1W;88;10
335;B2;2;P1W;P1W;89;10
336;B2;2;P1W;P1W;90;10
337;B2;2;P1W;P1W;91;10
338;B2;2;P1W;P1W;92;10
339;B2;2;P1W;P1W;93;10
340;B2;2;P1W;P1W;94;10
341;B2;2;P1W;P1W;95;10
342;B2;2;P1W;P1W;96;10
343;B2;2;P1W;P1W;97;10
344;B2;2;P1W;P1W;98;10
345;B2;2;P1W;P1W;99;10
346;B2;2;P1W;P1W;100;10
347;B2;2;P1W;P1W;101;10
348;B2;2;P1W;P1W;102;10
349;B2;2;P1W;P1W;103;10
350;B2;2;P1W;P1W;104;10
351;B2;2;P1W;P1W;105;10
352;B2;2;P1W;P1W;106;10
353;B2;2;P1W;P1W;107;10
354;B2;2;P1W;P1W;108;10
355;B2;2;P1W;P1W;109;10
356;B2;2;P1W;P1W;110;10
357;B2;2;P1W;P1W;111;10
358;B2;2;P1W;P1W;112;10
359;B2;2;P1W;P1W;113;10
360;B2;2;P1W;P1W;114;10
361;B2;2;P1W;P1W;115;10
362;B2;2;P1W;P1W;116;10
363;B2;2;P1W;P1W;117;10
364;B2;2;P1W;P1W;118;10
365;B2;2;P1W;P1W;119;10
366;B2;2;P1W;P1W;120;10
367;B2;2;P1W;P1W;121;10
368;B2;2;P1W;P1W;122;10
369;B2;2;P1W;P1W;123;10
370;B2;2;P1W;P1W;124;10
371;B2;2;P1W;P1W;125;10
372;B2;2;P1W;P1W;126;10
373;B2;2;P1W;P1W;127;10
374;B2;2;P1W;P1W;128;10
375;B2;2;P1W;P1W;129;10
376;B2;2;P1W;P1W;130;10
377;B2;2;P1W;P1W;131;10
378;B2;2;P1W;P1W;132;10
379;B2;2;P1W;P1W;133;10
380;B2;2;P1W;P1W;134;10
381;B2;2;P1W;P1W;135;10
382;B2;2;P1W;P1W;136;10
383;B2;2;P1W;P1W;137;10
384;B2;2;P1W;P1W;138;10
385;B2;2;P1W;P1W;139;10
386;B2;2;P1W;P1W;140;10
387;B2;2;P1W;P1W;141;10
388;B2;2;P1W;P1W;142;10
389;B2;2;P1W;P1W;143;10
390;B2;2;P1W;P1W;144;10
391;B2;2;P1W;P1W;145;10
392;B2;2;P1W;P1W;146;10
393;B2;2;P1W;P1W;147;10
394;B2;2;P1W;P1W;148;10
395;B2;2;P1W;P1W;149;10
396;B2;2;P1W;P1W;150;10
397;B2;2;P1W;P1W;151;10
398;B2;2;P1W;P1W;152;10
399;B2;2;P1W;P1W;153;10
400;B2;2;P1W;P1W;154;10
401;B2;2;P1W;P1W;155;10
402;B2;2;P1W;P1W;156;10
403;B2;2;P1W;P1W;157;10
404;B2;2;P1W;P1W;158;10
405;B2;2;P1W;P1W;159;10
406;B2;2;P1W;P1W;160;10
407;B2;2;P1W;P1W;161;10
408;B2;2;P1W;P1W;162;10
409;B2;2;P1W;P1W;163;10
410;B2;2;P1W;P1W;164;10
411;B2;2;P1W;P1W;165;10
412;B2;2;P1W;P1W;166;10
413;B2;2;P1W;P1W;167;10
414;B2;2;P1W;P1W;168;10
415;B2;2;P1W;P1W;169;10
416;B2;2;P1W;P1W;170;10
417;B2;2;P1W;P1W;171;10
418;B2;2;P1W;P1W;172;10
419;B2;2;P1W;P1W;173;10
420;B2;2;P1W;P1W;174;10
421;B2;2;P1W;P1W;175;10
422;B2;2;P1W;P1W;176;10
423;B2;2;P1W;P1W;177;10
424;B2;2;P1W;P1W;178;10
425;B2;2;P1W;P1W;179;10
426;B2;2;P1W;P1W;180;10
427;B2;2;P1W;P1W;181;10
428;B2;2;P1W;P1W;182;10
429;B2;2;P1W;P1W;183;10
430;B2;2;P1W;P1W;184;10
431;B2;2;P1W;P1W;185;10
432;B2;2;P1W;P1W;186;10
433;B2;2;P1W;P1W;187;10
434;B2;2;P1W;P1W;188;10
435;B2;2;P1W;P1W;189;10
436;B2;2;P1W;P1W;190;10
437;B2;2;P1W;P1W;191;10
438;B2;2;P1W;P1W;192;10
439;B2;2;P1W;P1W;193;10
440;B2;2;P1W;P1W;194;10
441;B2;2;P1W;P1W;195;10
442;B2;2;P1W;P1W;196;10
443;B2;2;P1W;P1W;197;10
444;B2;2;P1W;P1W;198;10
445;B2;2;P1W;P1W;199;10
446;B2;2;P1W;P1W;200;10
447;B2;2;P1W;P1W;201;10
448;B2;2;P1W;P1W;202;10
449;B2;2;P1W;P1W;203;10
450;B2;2;P1W;P1W;204;10
451;B2;2;P1W;P1W;205;10
452;B2;2;P1W;P1W;206;10
453;B2;2;P1W;P1W;207;10
454;B2;2;P1W;P1W;208;10
455;B2;2;P1W;P1W;209;10
456;B2;2;P1W;P1W;210;10
457;B2;2;P1W;P1W;211;10
458;B2;2;P1W;P1W;212;10
459;B2;2;P1W;P1W;213;10
460;B2;2;P1W;P1W;214;10
461;B2;2;P1W;P1W;215;10
462;B2;2;P1W;P1W;216;10
463;B2;2;P1W;P1W;217;10
464;B2;2;P1W;P1W;218;10
465;B2;2;P1W;P1W;219;10
466;B2;2;P1W;P1W;220;10
467;B2;2;P1W;P1W;221;10
468;B2;2;P1W;P1W;222;10
469;B2;2;P1W;P1W;223;10
470;B2;2;P1W;P1W;224;10
471;B2;2;P1W;P1W;225;10
472;B2;2;P1W;P1W;226;10
473;B2;2;P1W;P1W;227;10
474;B2;2;P1W;P1W;228;10
475;B2;2;P1W;P1W;229;10
476;B2;2;P1W;P1W;230;10
477;B2;2;P1W;P1W;231;10
478;B2;2;P1W;P1W;232;10
479;B2;2;P1W;P1W;233;10
480;B2;2;P1W;P1W;234;10
481;B2;2;P1W;P1W;235;10
482;B2;2;P1W;P1W;236;10
483;B2;2;P1W;P1W;237;10
484;B2;2;P1W;P1W;238;10
485;B2;2;P1W;P1W;239;10
486;B2;2;P1W;P1W;240;10
487;B2;2;P1W;P1W;241;10
488;B2;2;P1W;P1W;242;10
489;B2;2;P1W;P1W;243;10
490;B2;2;P1W;P1W;244;10
491;B2;2;P1W;P1W;245;10
492;B2;2;P1W;P1W;246;10
739;C;3;P3W;P1W;1;2
740;C;3;P3W;P1W;2;2
741;C;3;P3W;P1W;3;2
742;C;3;P3W;P1W;4;2
743;C;3;P3W;P1W;5;2
744;C;3;P3W;P1W;6;2
745;C;3;P3W;P1W;7;2
746;C;3;P3W;P1W;8;2
747;C;3;P3W;P1W;9;2
748;C;3;P3W;P1W;10;2
749;C;3;P3W;P1W;11;2
750;C;3;P3W;P1W;12;2
751;C;3;P3W;P1W;13;2
752;C;3;P3W;P1W;14;2
753;C;3;P3W;P1W;15;2
754;C;3;P3W;P1W;16;2
755;C;3;P3W;P1W;17;2
756;C;3;P3W;P1W;18;2
757;C;3;P3W;P1W;19;2
758;C;3;P3W;P1W;20;2
759;C;3;P3W;P1W;21;2
760;C;3;P3W;P1W;22;2
761;C;3;P3W;P1W;23;2
762;C;3;P3W;P1W;24;2
763;C;3;P3W;P1W;25;2
764;C;3;P3W;P1W;26;2
765;C;3;P3W;P1W;27;2
766;C;3;P3W;P1W;28;2
767;C;3;P3W;P1W;29;2
768;C;3;P3W;P1W;30;2
769;C;3;P3W;P1W;31;2
770;C;3;P3W;P1W;32;2
772;C;3;P3W;P1W;34;2
773;C;3;P3W;P1W;35;2
774;C;3;P3W;P1W;36;2
775;C;3;P3W;P1W;37;2
776;C;3;P3W;P1W;38;2
777;C;3;P3W;P1W;39;2
778;C;3;P3W;P1W;40;2
779;C;3;P3W;P1W;41;2
780;C;3;P3W;P1W;42;2
781;C;3;P3W;P1W;43;2
782;C;3;P3W;P1W;44;2
783;C;3;P1W;P1W;45;2
784;C;3;P3W;P1W;46;2
785;C;3;P3W;P1W;47;2
786;C;3;P3W;P1W;48;2
787;C;3;P3W;P1W;49;2
788;C;3;P3W;P1W;50;2
789;C;3;P3W;P1W;51;2
790;C;3;P3W;P1W;52;2
791;C;3;P3W;P1W;53;2
792;C;3;P3W;P1W;54;2
793;C;3;P3W;P1W;55;2
794;C;3;P3W;P1W;56;2
795;C;3;P3W;P1W;57;2
797;C;3;P1W;P1W;59;2
798;C;3;P3W;P1W;60;2
799;C;3;P3W;P1W;61;2
800;C;3;P3W;P1W;62;2
801;C;3;P3W;P1W;63;2
802;C;3;P3W;P1W;64;2
803;C;3;P3W;P1W;65;2
804;C;3;P3W;P1W;66;2
805;C;3;P3W;P1W;67;2
806;C;3;P3W;P1W;68;2
807;C;3;P3W;P1W;69;2
808;C;3;P3W;P1W;70;2
809;C;3;P3W;P1W;71;2
810;C;3;P3W;P1W;72;2
811;C;3;P3W;P1W;73;2
812;C;3;P3W;P1W;74;2
813;C;3;P3W;P1W;75;2
814;C;3;P3W;P1W;76;2
815;C;3;P3W;P1W;77;2
816;C;3;P3W;P1W;78;2
817;C;3;P3W;P1W;79;2
818;C;3;P3W;P1W;80;2
819;C;3;P3W;P1W;81;2
820;C;3;P3W;P1W;82;2
823;C;3;P3W;P1W;85;2
824;C;3;P3W;P1W;86;2
825;C;3;P3W;P1W;87;2
826;C;3;P3W;P1W;88;2
828;C;3;P3W;P1W;90;2
829;C;3;P3W;P1W;91;2
830;C;3;P3W;P1W;92;2
831;C;3;P3W;P1W;93;2
832;C;3;P3W;P1W;94;2
833;C;3;P3W;P1W;95;2
835;C;3;P3W;P1W;97;2
836;C;3;P3W;P1W;98;2
837;C;3;P3W;P1W;99;2
838;C;3;P3W;P1W;100;2
839;C;3;P3W;P1W;101;2
840;C;3;P3W;P1W;102;2
841;C;3;P3W;P1W;103;2
842;C;3;P3W;P1W;104;2
843;C;3;P3W;P1W;105;2
844;C;3;P3W;P1W;106;2
845;C;3;P3W;P1W;107;2
846;C;3;P3W;P1W;108;2
847;C;3;P3W;P1W;109;2
848;C;3;P3W;P1W;110;2
849;C;3;P3W;P1W;111;2
850;C;3;P3W;P1W;112;2
851;C;3;P3W;P1W;113;2
852;C;3;P3W;P1W;114;2
853;C;3;P3W;P1W;115;2
854;C;3;P3W;P1W;116;2
855;C;3;P3W;P1W;117;2
856;C;3;P3W;P1W;118;2
857;C;3;P3W;P1W;119;2
858;C;3;P3W;P1W;120;2
859;C;3;P3W;P1W;121;2
861;C;3;P3W;P1W;123;2
862;C;3;P3W;P1W;124;2
863;C;3;P3W;P1W;125;2
864;C;3;P3W;P1W;126;2
866;C;3;P3W;P1W;128;2
867;C;3;P3W;P1W;129;2
868;C;3;P3W;P1W;130;2
869;C;3;P3W;P1W;131;2
870;C;3;P3W;P1W;132;2
871;C;3;P3W;P1W;133;2
872;C;3;P3W;P1W;134;2
873;C;3;P3W;P1W;135;2
874;C;3;P3W;P1W;136;2
875;C;3;P3W;P1W;137;2
876;C;3;P3W;P1W;138;2
877;C;3;P3W;P1W;139;2
878;C;3;P3W;P1W;140;2
880;C;3;P3W;P1W;142;2
881;C;3;P3W;P1W;143;2
882;C;3;P3W;P1W;144;2
883;C;3;P3W;P1W;145;2
885;C;3;P3W;P1W;147;2
886;C;3;P3W;P1W;148;2
887;C;3;P3W;P1W;149;2
888;C;3;P3W;P1W;150;2
889;C;3;P3W;P1W;151;2
890;C;3;P3W;P1W;152;2
891;C;3;P3W;P1W;153;2
892;C;3;P3W;P1W;154;2
893;C;3;P3W;P1W;155;2
894;C;3;P3W;P1W;156;2
895;C;3;P3W;P1W;157;2
896;C;3;P3W;P1W;158;2
897;C;3;P3W;P1W;159;2
898;C;3;P3W;P1W;160;2
900;C;3;P3W;P1W;162;2
901;C;3;P3W;P1W;163;2
902;C;3;P3W;P1W;164;2
903;C;3;P3W;P1W;165;2
904;C;3;P3W;P1W;166;2
905;C;3;P3W;P1W;167;2
906;C;3;P3W;P1W;168;2
907;C;3;P3W;P1W;169;2
908;C;3;P3W;P1W;170;2
909;C;3;P3W;P1W;171;2
910;C;3;P3W;P1W;172;2
911;C;3;P3W;P1W;173;2
912;C;3;P3W;P1W;174;2
913;C;3;P3W;P1W;175;2
914;C;3;P3W;P1W;176;2
915;C;3;P3W;P1W;177;2
916;C;3;P3W;P1W;178;2
917;C;3;P3W;P1W;179;2
918;C;3;P3W;P1W;180;2
919;C;3;P3W;P1W;181;2
920;C;3;P3W;P1W;182;2
921;C;3;P3W;P1W;183;2
922;C;3;P3W;P1W;184;2
923;C;3;P3W;P1W;185;2
924;C;3;P3W;P1W;186;2
925;C;3;P3W;P1W;187;2
926;C;3;P3W;P1W;188;2
927;C;3;P3W;P1W;189;2
928;C;3;P3W;P1W;190;2
929;C;3;P3W;P1W;191;2
930;C;3;P3W;P1W;192;2
932;C;3;P3W;P1W;194;2
933;C;3;P3W;P1W;195;2
934;C;3;P3W;P1W;196;2
935;C;3;P3W;P1W;197;2
936;C;3;P3W;P1W;198;2
937;C;3;P3W;P1W;199;2
938;C;3;P3W;P1W;200;2
939;C;3;P3W;P1W;201;2
940;C;3;P3W;P1W;202;2
941;C;3;P3W;P1W;203;2
942;C;3;P3W;P1W;204;2
943;C;3;P3W;P1W;205;2
944;C;3;P3W;P1W;206;2
945;C;3;P3W;P1W;207;2
946;C;3;P3W;P1W;208;2
947;C;3;P3W;P1W;209;2
948;C;3;P3W;P1W;210;2
949;C;3;P3W;P1W;211;2
950;C;3;P3W;P1W;212;2
951;C;3;P3W;P1W;213;2
952;C;3;P3W;P1W;214;2
953;C;3;P3W;P1W;215;2
954;C;3;P3W;P1W;216;2
955;C;3;P3W;P1W;217;2
956;C;3;P3W;P1W;218;2
957;C;3;P99W;P1W;219;2
958;C;3;P3W;P1W;220;2
959;C;3;P99W;P1W;221;2
960;C;3;P3W;P1W;222;2
961;C;3;P99W;P1W;223;2
962;C;3;P99W;P1W;224;2
963;C;3;P3W;P1W;225;2
965;C;3;P3W;P1W;227;2
966;C;3;P99W;P1W;228;2
967;C;3;P99W;P1W;229;2
968;C;3;P3W;P1W;230;2
969;C;3;P3W;P1W;231;2
970;C;3;P99W;P1W;232;2
971;C;3;P99W;P1W;233;2
973;C;3;P99W;P1W;235;2
974;C;3;P3W;P1W;236;2
975;C;3;P99W;P1W;237;2
976;C;3;P99W;P1W;238;2
977;C;3;P99W;P1W;239;2
978;C;3;P99W;P1W;240;2
979;C;3;P99W;P1W;241;2
980;C;3;P3W;P1W;242;2
981;C;3;P3W;P1W;243;2
982;C;3;P99W;P1W;244;2
984;C;3;P3W;P1W;246;2
1723;C2;4;P1W;P1W;1;2
1724;C2;4;P1W;P1W;2;2
1725;C2;4;P1W;P1W;3;2
1726;C2;4;P1W;P1W;4;2
1727;C2;4;P1W;P1W;5;2
1728;C2;4;P1W;P1W;6;2
1729;C2;4;P1W;P1W;7;2
1730;C2;4;P1W;P1W;8;2
1731;C2;4;P1W;P1W;9;2
1732;C2;4;P1W;P1W;10;2
1733;C2;4;P1W;P1W;11;2
1734;C2;4;P1W;P1W;12;2
1735;C2;4;P1W;P1W;13;2
1736;C2;4;P1W;P1W;14;2
1737;C2;4;P1W;P1W;15;2
1738;C2;4;P1W;P1W;16;2
1739;C2;4;P1W;P1W;17;2
1740;C2;4;P1W;P1W;18;2
1741;C2;4;P1W;P1W;19;2
1742;C2;4;P1W;P1W;20;2
1743;C2;4;P1W;P1W;21;2
1744;C2;4;P1W;P1W;22;2
1745;C2;4;P1W;P1W;23;2
1746;C2;4;P1W;P1W;24;2
1747;C2;4;P1W;P1W;25;2
1748;C2;4;P1W;P1W;26;2
1749;C2;4;P1W;P1W;27;2
1750;C2;4;P1W;P1W;28;2
1751;C2;4;P1W;P1W;29;2
1752;C2;4;P1W;P1W;30;2
1753;C2;4;P1W;P1W;31;2
1754;C2;4;P1W;P1W;32;2
1755;C2;4;P1W;P1W;33;2
1756;C2;4;P1W;P1W;34;2
1757;C2;4;P1W;P1W;35;2
1758;C2;4;P1W;P1W;36;2
1759;C2;4;P1W;P1W;37;2
1760;C2;4;P1W;P1W;38;2
1761;C2;4;P1W;P1W;39;2
1762;C2;4;P1W;P1W;40;2
1763;C2;4;P1W;P1W;41;2
1764;C2;4;P1W;P1W;42;2
1765;C2;4;P1W;P1W;43;2
1766;C2;4;P1W;P1W;44;2
1767;C2;4;P1W;P1W;45;2
1768;C2;4;P1W;P1W;46;2
1769;C2;4;P1W;P1W;47;2
1770;C2;4;P1W;P1W;48;2
1771;C2;4;P1W;P1W;49;2
1772;C2;4;P1W;P1W;50;2
1773;C2;4;P1W;P1W;51;2
1774;C2;4;P1W;P1W;52;2
1775;C2;4;P1W;P1W;53;2
1776;C2;4;P1W;P1W;54;2
1777;C2;4;P1W;P1W;55;2
1778;C2;4;P1W;P1W;56;2
1779;C2;4;P1W;P1W;57;2
1780;C2;4;P1W;P1W;58;2
1782;C2;4;P1W;P1W;60;2
1783;C2;4;P1W;P1W;61;2
1784;C2;4;P1W;P1W;62;2
1785;C2;4;P1W;P1W;63;2
1786;C2;4;P1W;P1W;64;2
1787;C2;4;P1W;P1W;65;2
1788;C2;4;P1W;P1W;66;2
1789;C2;4;P1W;P1W;67;2
1790;C2;4;P1W;P1W;68;2
1791;C2;4;P1W;P1W;69;2
1792;C2;4;P1W;P1W;70;2
1793;C2;4;P1W;P1W;71;2
1794;C2;4;P1W;P1W;72;2
1795;C2;4;P1W;P1W;73;2
1796;C2;4;P1W;P1W;74;2
1797;C2;4;P1W;P1W;75;2
1798;C2;4;P1W;P1W;76;2
1799;C2;4;P1W;P1W;77;2
1800;C2;4;P1W;P1W;78;2
1801;C2;4;P1W;P1W;79;2
1802;C2;4;P1W;P1W;80;2
1803;C2;4;P1W;P1W;81;2
1804;C2;4;P1W;P1W;82;2
1805;C2;4;P1W;P1W;83;2
1806;C2;4;P1W;P1W;84;2
1807;C2;4;P1W;P1W;85;2
1808;C2;4;P1W;P1W;86;2
1809;C2;4;P1W;P1W;87;2
1810;C2;4;P1W;P1W;88;2
1811;C2;4;P1W;P1W;89;2
1812;C2;4;P1W;P1W;90;2
1813;C2;4;P1W;P1W;91;2
1814;C2;4;P1W;P1W;92;2
1815;C2;4;P1W;P1W;93;2
1816;C2;4;P1W;P1W;94;2
1817;C2;4;P1W;P1W;95;2
1818;C2;4;P1W;P1W;96;2
1819;C2;4;P1W;P1W;97;2
1820;C2;4;P1W;P1W;98;2
1821;C2;4;P1W;P1W;99;2
1822;C2;4;P1W;P1W;100;2
1823;C2;4;P1W;P1W;101;2
1824;C2;4;P1W;P1W;102;2
1825;C2;4;P1W;P1W;103;2
1826;C2;4;P1W;P1W;104;2
1827;C2;4;P1W;P1W;105;2
1828;C2;4;P1W;P1W;106;2
1829;C2;4;P1W;P1W;107;2
1830;C2;4;P1W;P1W;108;2
1831;C2;4;P1W;P1W;109;2
1832;C2;4;P1W;P1W;110;2
1833;C2;4;P1W;P1W;111;2
1834;C2;4;P1W;P1W;112;2
1835;C2;4;P1W;P1W;113;2
1836;C2;4;P1W;P1W;114;2
1837;C2;4;P1W;P1W;115;2
1838;C2;4;P1W;P1W;116;2
1839;C2;4;P1W;P1W;117;2
1840;C2;4;P1W;P1W;118;2
1841;C2;4;P1W;P1W;119;2
1842;C2;4;P1W;P1W;120;2
1843;C2;4;P1W;P1W;121;2
1844;C2;4;P1W;P1W;122;2
1845;C2;4;P1W;P1W;123;2
1846;C2;4;P1W;P1W;124;2
1847;C2;4;P1W;P1W;125;2
1848;C2;4;P1W;P1W;126;2
1849;C2;4;P1W;P1W;127;2
1850;C2;4;P1W;P1W;128;2
1851;C2;4;P1W;P1W;129;2
1852;C2;4;P1W;P1W;130;2
1853;C2;4;P1W;P1W;131;2
1854;C2;4;P1W;P1W;132;2
1855;C2;4;P1W;P1W;133;2
1856;C2;4;P1W;P1W;134;2
1857;C2;4;P1W;P1W;135;2
1858;C2;4;P1W;P1W;136;2
1859;C2;4;P1W;P1W;137;2
1860;C2;4;P1W;P1W;138;2
1861;C2;4;P1W;P1W;139;2
1862;C2;4;P1W;P1W;140;2
1863;C2;4;P1W;P1W;141;2
1864;C2;4;P1W;P1W;142;2
1865;C2;4;P1W;P1W;143;2
1866;C2;4;P1W;P1W;144;2
1867;C2;4;P1W;P1W;145;2
1868;C2;4;P1W;P1W;146;2
1869;C2;4;P1W;P1W;147;2
1870;C2;4;P1W;P1W;148;2
1871;C2;4;P1W;P1W;149;2
1872;C2;4;P1W;P1W;150;2
1873;C2;4;P1W;P1W;151;2
1874;C2;4;P1W;P1W;152;2
1875;C2;4;P1W;P1W;153;2
1876;C2;4;P1W;P1W;154;2
1877;C2;4;P1W;P1W;155;2
1878;C2;4;P1W;P1W;156;2
1879;C2;4;P1W;P1W;157;2
1880;C2;4;P1W;P1W;158;2
1881;C2;4;P1W;P1W;159;2
1882;C2;4;P1W;P1W;160;2
1883;C2;4;P1W;P1W;161;2
1884;C2;4;P1W;P1W;162;2
1885;C2;4;P1W;P1W;163;2
1886;C2;4;P1W;P1W;164;2
1887;C2;4;P1W;P1W;165;2
1888;C2;4;P1W;P1W;166;2
1889;C2;4;P1W;P1W;167;2
1890;C2;4;P1W;P1W;168;2
1891;C2;4;P1W;P1W;169;2
1892;C2;4;P1W;P1W;170;2
1893;C2;4;P1W;P1W;171;2
1894;C2;4;P1W;P1W;172;2
1895;C2;4;P1W;P1W;173;2
1896;C2;4;P1W;P1W;174;2
1897;C2;4;P1W;P1W;175;2
1898;C2;4;P1W;P1W;176;2
1899;C2;4;P1W;P1W;177;2
1900;C2;4;P1W;P1W;178;2
1901;C2;4;P1W;P1W;179;2
1902;C2;4;P1W;P1W;180;2
1903;C2;4;P1W;P1W;181;2
1904;C2;4;P1W;P1W;182;2
1905;C2;4;P1W;P1W;183;2
1906;C2;4;P1W;P1W;184;2
1907;C2;4;P1W;P1W;185;2
1908;C2;4;P1W;P1W;186;2
1909;C2;4;P1W;P1W;187;2
1910;C2;4;P1W;P1W;188;2
1911;C2;4;P1W;P1W;189;2
1912;C2;4;P1W;P1W;190;2
1913;C2;4;P1W;P1W;191;2
1914;C2;4;P1W;P1W;192;2
1915;C2;4;P1W;P1W;193;2
1916;C2;4;P1W;P1W;194;2
1917;C2;4;P1W;P1W;195;2
1918;C2;4;P1W;P1W;196;2
1919;C2;4;P1W;P1W;197;2
1920;C2;4;P1W;P1W;198;2
1921;C2;4;P1W;P1W;199;2
1922;C2;4;P1W;P1W;200;2
1923;C2;4;P1W;P1W;201;2
1924;C2;4;P1W;P1W;202;2
1925;C2;4;P1W;P1W;203;2
1926;C2;4;P1W;P1W;204;2
1927;C2;4;P1W;P1W;205;2
1928;C2;4;P1W;P1W;206;2
1929;C2;4;P1W;P1W;207;2
1930;C2;4;P1W;P1W;208;2
1931;C2;4;P1W;P1W;209;2
1932;C2;4;P1W;P1W;210;2
1933;C2;4;P1W;P1W;211;2
1934;C2;4;P1W;P1W;212;2
1935;C2;4;P1W;P1W;213;2
1936;C2;4;P1W;P1W;214;2
1937;C2;4;P1W;P1W;215;2
1938;C2;4;P1W;P1W;216;2
1939;C2;4;P1W;P1W;217;2
1940;C2;4;P1W;P1W;218;2
1941;C2;4;P1W;P1W;219;2
1942;C2;4;P1W;P1W;220;2
1943;C2;4;P1W;P1W;221;2
1944;C2;4;P1W;P1W;222;2
1945;C2;4;P1W;P1W;223;2
1946;C2;4;P1W;P1W;224;2
1947;C2;4;P1W;P1W;225;2
1948;C2;4;P1W;P1W;226;2
1949;C2;4;P1W;P1W;227;2
1950;C2;4;P1W;P1W;228;2
1951;C2;4;P1W;P1W;229;2
1952;C2;4;P1W;P1W;230;2
1953;C2;4;P1W;P1W;231;2
1954;C2;4;P1W;P1W;232;2
1955;C2;4;P1W;P1W;233;2
1956;C2;4;P1W;P1W;234;2
1957;C2;4;P1W;P1W;235;2
1958;C2;4;P1W;P1W;236;2
1959;C2;4;P1W;P1W;237;2
1960;C2;4;P1W;P1W;238;2
1961;C2;4;P1W;P1W;239;2
1962;C2;4;P1W;P1W;240;2
1963;C2;4;P1W;P1W;241;2
1964;C2;4;P1W;P1W;242;2
1965;C2;4;P1W;P1W;243;2
1966;C2;4;P1W;P1W;244;2
1967;C2;4;P1W;P1W;245;2
1968;C2;4;P1W;P1W;246;2
3691;D;5;P18W;P1W;1;5
3692;D;5;P18W;P1W;2;5
3693;D;5;P18W;P1W;3;5
3694;D;5;P18W;P1W;4;5
3695;D;5;P18W;P1W;5;5
3696;D;5;P18W;P1W;6;5
3697;D;5;P18W;P1W;7;5
3698;D;5;P18W;P1W;8;5
3699;D;5;P18W;P1W;9;5
3700;D;5;P18W;P1W;10;5
3701;D;5;P18W;P1W;11;5
3702;D;5;P18W;P1W;12;5
3703;D;5;P18W;P1W;13;5
3704;D;5;P18W;P1W;14;5
3705;D;5;P18W;P1W;15;5
3706;D;5;P18W;P1W;16;5
3707;D;5;P18W;P1W;17;5
3708;D;5;P18W;P1W;18;5
3709;D;5;P18W;P1W;19;5
3710;D;5;P18W;P1W;20;5
3711;D;5;P18W;P1W;21;5
3712;D;5;P18W;P1W;22;5
3713;D;5;P18W;P1W;23;5
3714;D;5;P18W;P1W;24;5
3715;D;5;P18W;P1W;25;5
3716;D;5;P18W;P1W;26;5
3717;D;5;P18W;P1W;27;5
3718;D;5;P18W;P1W;28;5
3719;D;5;P18W;P1W;29;5
3720;D;5;P18W;P1W;30;5
3721;D;5;P18W;P1W;31;5
3722;D;5;P18W;P1W;32;5
3723;D;5;P18W;P1W;33;5
3724;D;5;P18W;P1W;34;5
3725;D;5;P18W;P1W;35;5
3726;D;5;P18W;P1W;36;5
3727;D;5;P18W;P1W;37;5
3728;D;5;P18W;P1W;38;5
3729;D;5;P18W;P1W;39;5
3730;D;5;P18W;P1W;40;5
3731;D;5;P18W;P1W;41;5
3732;D;5;P18W;P1W;42;5
3733;D;5;P18W;P1W;43;5
3734;D;5;P18W;P1W;44;5
3735;D;5;P18W;P1W;45;5
3736;D;5;P18W;P1W;46;5
3737;D;5;P18W;P1W;47;5
3738;D;5;P18W;P1W;48;5
3739;D;5;P18W;P1W;49;5
3740;D;5;P18W;P1W;50;5
3741;D;5;P18W;P1W;51;5
3742;D;5;P18W;P1W;52;5
3743;D;5;P18W;P1W;53;5
3744;D;5;P18W;P1W;54;5
3745;D;5;P18W;P1W;55;5
3746;D;5;P18W;P1W;56;5
3747;D;5;P18W;P1W;57;5
3748;D;5;P18W;P1W;58;5
3749;D;5;P18W;P1W;59;5
3750;D;5;P18W;P1W;60;5
3751;D;5;P18W;P1W;61;5
3752;D;5;P18W;P1W;62;5
3753;D;5;P18W;P1W;63;5
3754;D;5;P18W;P1W;64;5
3755;D;5;P18W;P1W;65;5
3756;D;5;P18W;P1W;66;5
3757;D;5;P18W;P1W;67;5
3758;D;5;P18W;P1W;68;5
3759;D;5;P18W;P1W;69;5
3760;D;5;P18W;P1W;70;5
3761;D;5;P18W;P1W;71;5
3762;D;5;P18W;P1W;72;5
3763;D;5;P18W;P1W;73;5
3764;D;5;P18W;P1W;74;5
3765;D;5;P18W;P1W;75;5
3766;D;5;P18W;P1W;76;5
3767;D;5;P18W;P1W;77;5
3768;D;5;P18W;P1W;78;5
3769;D;5;P18W;P1W;79;5
3770;D;5;P18W;P1W;80;5
3771;D;5;P18W;P1W;81;5
3772;D;5;P18W;P1W;82;5
3773;D;5;P18W;P1W;83;5
3774;D;5;P18W;P1W;84;5
3775;D;5;P18W;P1W;85;5
3776;D;5;P18W;P1W;86;5
3777;D;5;P18W;P1W;87;5
3778;D;5;P18W;P1W;88;5
3779;D;5;P18W;P1W;89;5
3780;D;5;P18W;P1W;90;5
3781;D;5;P18W;P1W;91;5
3782;D;5;P18W;P1W;92;5
3783;D;5;P18W;P1W;93;5
3784;D;5;P18W;P1W;94;5
3785;D;5;P18W;P1W;95;5
3786;D;5;P18W;P1W;96;5
3787;D;5;P18W;P1W;97;5
3788;D;5;P18W;P1W;98;5
3789;D;5;P18W;P1W;99;5
3790;D;5;P18W;P1W;100;5
3791;D;5;P18W;P1W;101;5
3792;D;5;P18W;P1W;102;5
3793;D;5;P18W;P1W;103;5
3794;D;5;P18W;P1W;104;5
3795;D;5;P18W;P1W;105;5
3796;D;5;P18W;P1W;106;5
3797;D;5;P18W;P1W;107;5
3798;D;5;P18W;P1W;108;5
3799;D;5;P18W;P1W;109;5
3800;D;5;P18W;P1W;110;5
3801;D;5;P18W;P1W;111;5
3802;D;5;P18W;P1W;112;5
3803;D;5;P18W;P1W;113;5
3804;D;5;P18W;P1W;114;5
3805;D;5;P18W;P1W;115;5
3806;D;5;P18W;P1W;116;5
3807;D;5;P18W;P1W;117;5
3808;D;5;P18W;P1W;118;5
3809;D;5;P18W;P1W;119;5
3810;D;5;P18W;P1W;120;5
3811;D;5;P18W;P1W;121;5
3812;D;5;P18W;P1W;122;5
3813;D;5;P18W;P1W;123;5
3814;D;5;P18W;P1W;124;5
3815;D;5;P18W;P1W;125;5
3816;D;5;P18W;P1W;126;5
3817;D;5;P18W;P1W;127;5
3818;D;5;P18W;P1W;128;5
3819;D;5;P18W;P1W;129;5
3820;D;5;P18W;P1W;130;5
3821;D;5;P18W;P1W;131;5
3822;D;5;P18W;P1W;132;5
3823;D;5;P18W;P1W;133;5
3824;D;5;P18W;P1W;134;5
3825;D;5;P18W;P1W;135;5
3826;D;5;P18W;P1W;136;5
3827;D;5;P18W;P1W;137;5
3828;D;5;P18W;P1W;138;5
3829;D;5;P18W;P1W;139;5
3830;D;5;P18W;P1W;140;5
3831;D;5;P18W;P1W;141;5
3832;D;5;P18W;P1W;142;5
3833;D;5;P18W;P1W;143;5
3834;D;5;P18W;P1W;144;5
3835;D;5;P18W;P1W;145;5
3836;D;5;P18W;P1W;146;5
3837;D;5;P18W;P1W;147;5
3838;D;5;P18W;P1W;148;5
3839;D;5;P18W;P1W;149;5
3840;D;5;P18W;P1W;150;5
3841;D;5;P18W;P1W;151;5
3842;D;5;P18W;P1W;152;5
3843;D;5;P18W;P1W;153;5
3844;D;5;P18W;P1W;154;5
3845;D;5;P18W;P1W;155;5
3846;D;5;P18W;P1W;156;5
3847;D;5;P18W;P1W;157;5
3848;D;5;P18W;P1W;158;5
3849;D;5;P18W;P1W;159;5
3850;D;5;P18W;P1W;160;5
3851;D;5;P18W;P1W;161;5
3852;D;5;P18W;P1W;162;5
3853;D;5;P18W;P1W;163;5
3854;D;5;P18W;P1W;164;5
3855;D;5;P18W;P1W;165;5
3856;D;5;P18W;P1W;166;5
3857;D;5;P18W;P1W;167;5
3858;D;5;P18W;P1W;168;5
3859;D;5;P18W;P1W;169;5
3860;D;5;P18W;P1W;170;5
3861;D;5;P18W;P1W;171;5
3862;D;5;P18W;P1W;172;5
3863;D;5;P18W;P1W;173;5
3864;D;5;P18W;P1W;174;5
3865;D;5;P18W;P1W;175;5
3866;D;5;P18W;P1W;176;5
3867;D;5;P18W;P1W;177;5
3868;D;5;P18W;P1W;178;5
3869;D;5;P18W;P1W;179;5
3870;D;5;P18W;P1W;180;5
3871;D;5;P18W;P1W;181;5
3872;D;5;P18W;P1W;182;5
3873;D;5;P18W;P1W;183;5
3874;D;5;P18W;P1W;184;5
3875;D;5;P18W;P1W;185;5
3876;D;5;P18W;P1W;186;5
3877;D;5;P18W;P1W;187;5
3878;D;5;P18W;P1W;188;5
3879;D;5;P18W;P1W;189;5
3880;D;5;P18W;P1W;190;5
3881;D;5;P18W;P1W;191;5
3882;D;5;P18W;P1W;192;5
3883;D;5;P18W;P1W;193;5
3884;D;5;P18W;P1W;194;5
3885;D;5;P18W;P1W;195;5
3886;D;5;P18W;P1W;196;5
3887;D;5;P18W;P1W;197;5
3888;D;5;P18W;P1W;198;5
3889;D;5;P18W;P1W;199;5
3890;D;5;P18W;P1W;200;5
3891;D;5;P18W;P1W;201;5
3892;D;5;P18W;P1W;202;5
3893;D;5;P18W;P1W;203;5
3894;D;5;P18W;P1W;204;5
3895;D;5;P18W;P1W;205;5
3896;D;5;P18W;P1W;206;5
3897;D;5;P18W;P1W;207;5
3898;D;5;P18W;P1W;208;5
3899;D;5;P18W;P1W;209;5
3900;D;5;P18W;P1W;210;5
3901;D;5;P18W;P1W;211;5
3902;D;5;P18W;P1W;212;5
3903;D;5;P18W;P1W;213;5
3904;D;5;P18W;P1W;214;5
3905;D;5;P18W;P1W;215;5
3906;D;5;P18W;P1W;216;5
3907;D;5;P18W;P1W;217;5
3908;D;5;P18W;P1W;218;5
3909;D;5;P18W;P1W;219;5
3910;D;5;P18W;P1W;220;5
3911;D;5;P18W;P1W;221;5
3912;D;5;P18W;P1W;222;5
3913;D;5;P18W;P1W;223;5
3914;D;5;P18W;P1W;224;5
3915;D;5;P18W;P1W;225;5
3916;D;5;P18W;P1W;226;5
3917;D;5;P18W;P1W;227;5
3918;D;5;P18W;P1W;228;5
3919;D;5;P18W;P1W;229;5
3920;D;5;P18W;P1W;230;5
3921;D;5;P18W;P1W;231;5
3922;D;5;P18W;P1W;232;5
3923;D;5;P18W;P1W;233;5
3924;D;5;P18W;P1W;234;5
3925;D;5;P18W;P1W;235;5
3926;D;5;P18W;P1W;236;5
3927;D;5;P18W;P1W;237;5
3928;D;5;P18W;P1W;238;5
3929;D;5;P18W;P1W;239;5
3930;D;5;P18W;P1W;240;5
3931;D;5;P18W;P1W;241;5
3932;D;5;P18W;P1W;242;5
3933;D;5;P18W;P1W;243;5
3934;D;5;P18W;P1W;244;5
3935;D;5;P18W;P1W;245;5
3936;D;5;P18W;P1W;246;5
